customer_id,first_name,last_name,email,address,city,state,country
1,Julius,Horbath,jhorbath0@paypal.com,9537 Farmco Terrace,Lisieux,Basse-Normandie,-
2,Clemmie,Tonsley,ctonsley1@examiner.com,826 Lindbergh Hill,Bruxelles,Bruxelles-Capitale,-
3,Nerita,Buncombe,nbuncombe2@google.nl,13 Dixon Crossing,Caen,Basse-Normandie,-
4,Magnum,Cantero,mcantero3@google.it,773 Stuart Alley,Caen,Basse-Normandie,-
5,Heindrick,Codd,hcodd4@reuters.com,9282 Holmberg Place,Caen,Basse-Normandie,-
6,Cullin,Shepeard,cshepeard5@purevolume.com,72 Springview Street,Anchorage,Alaska,EUA
7,Genovera,Garms,ggarms6@google.fr,37696 Truax Park,Alençon,Basse-Normandie,-
8,Tracee,Schubert,tschubert7@sourceforge.net,17 5th Park,Carpiquet,Basse-Normandie,-
9,Emmaline,Greatbach,egreatbach8@pagesperso-orange.fr,87602 Iowa Pass,Saint-Lô,Basse-Normandie,-
10,Reba,Tabour,rtabour9@hc360.com,7802 Vernon Avenue,Trieste,Friuli-Venezia Giulia,-
11,Brok,McGibbon,bmcgibbona@bluehost.com,2403 Crowley Avenue,Caen,Basse-Normandie,-
12,Danny,Fishby,dfishbyb@prweb.com,87 Northland Hill,Palma De Mallorca,Baleares,Espanha
13,Bonnie,Borham,bborhamc@topsy.com,4399 Manley Lane,Caen,Basse-Normandie,-
14,Filide,Gummow,fgummowd@booking.com,30 Butternut Road,Deauville,Basse-Normandie,-
15,Beatrisa,Gilli,bgillie@cam.ac.uk,6086 Burning Wood Street,Granville,Basse-Normandie,-
16,Dolli,Vashchenko,dvashchenkof@discuz.net,1403 Butternut Crossing,Saint-Lô,Basse-Normandie,-
17,Christie,Farfalameev,cfarfalameevg@xrea.com,924 Garrison Lane,Caen,Basse-Normandie,-
18,Gaylord,Molson,gmolsonh@ocn.ne.jp,5271 Corscot Park,Fairbanks,Alaska,EUA
19,Orella,Newlove,onewlovei@npr.org,18 Monterey Junction,Caen,Basse-Normandie,-
20,Tynan,Treher,ttreherj@slideshare.net,6 Main Crossing,Pescara,Abruzzi,-
21,Nickola,Jenney,njenneyk@delicious.com,7862 Bay Court,Pescara,Abruzzi,-
22,Addi,Dudley,adudleyl@samsung.com,0 Pennsylvania Place,Fairbanks,Alaska,EUA
23,Monica,Sleight,msleightm@house.gov,86 Bunker Hill Circle,Caen,Basse-Normandie,-
24,Jasmine,Keiley,jkeileyn@wordpress.com,01 Meadow Vale Court,Deauville,Basse-Normandie,-
25,Lotty,Locket,llocketo@slashdot.org,51178 Upham Street,Coutances,Basse-Normandie,-
26,Rosa,Hartopp,rhartoppp@hexun.com,274 Warrior Place,Caen,Basse-Normandie,-
27,Eugenio,Korda,ekordaq@accuweather.com,83990 Burning Wood Terrace,Saint-Lô,Basse-Normandie,-
28,Tonnie,Thor,tthorr@php.net,77177 Westridge Junction,Alençon,Basse-Normandie,-
29,Sibyl,Hastler,shastlers@shareasale.com,89 Dorton Junction,Caen,Basse-Normandie,-
30,Chen,Cussen,ccussent@histats.com,16554 Golf Course Crossing,Trieste,Friuli-Venezia Giulia,-
31,Peggie,Greenhow,pgreenhowu@slate.com,5 Nobel Court,Trieste,Friuli-Venezia Giulia,-
32,Alleen,Perot,aperotv@google.pl,2338 Sauthoff Point,Alençon,Basse-Normandie,-
33,Jazmin,Bridywater,jbridywaterw@ed.gov,88168 Toban Hill,Caen,Basse-Normandie,-
34,Monty,Pedden,mpeddenx@cbc.ca,37 Raven Circle,Alençon,Basse-Normandie,-
35,Luci,Braksper,lbrakspery@craigslist.org,11324 Bobwhite Circle,Caen,Basse-Normandie,-
36,Lindsey,Farrears,lfarrearsz@multiply.com,9 Golf Plaza,Palma De Mallorca,Baleares,Espanha
37,Giorgi,Thomelin,gthomelin10@google.com.br,930 Rieder Center,Caen,Basse-Normandie,-
38,Nady,Causon,ncauson11@techcrunch.com,9 Ronald Regan Court,Trieste,Friuli-Venezia Giulia,-
39,Seth,Grindle,sgrindle12@ftc.gov,8630 Warrior Junction,Avranches,Basse-Normandie,-
40,Blondelle,Minigo,bminigo13@pinterest.com,67 Fieldstone Trail,Bruxelles,Bruxelles-Capitale,-
41,Rayner,Vell,rvell14@51.la,8 Shopko Court,Bayeux,Basse-Normandie,-
42,Clarette,Mullarkey,cmullarkey15@dailymail.co.uk,9 Schiller Plaza,Pescara,Abruzzi,-
43,Sheelagh,Spittal,sspittal16@amazon.co.jp,273 Monterey Way,Bayeux,Basse-Normandie,-
44,Druci,Flemming,dflemming17@ehow.com,81 Gale Way,Deauville,Basse-Normandie,-
45,Dominga,Goodwell,dgoodwell18@shinystat.com,895 Westridge Avenue,Bruxelles,Bruxelles-Capitale,-
46,Isabeau,Fessions,ifessions19@reuters.com,63 Lake View Trail,Caen,Basse-Normandie,-
47,Isiahi,Sowood,isowood1a@drupal.org,2644 Kropf Circle,Caen,Basse-Normandie,-
48,Law,Bette,lbette1b@miibeian.gov.cn,701 Eagan Drive,Alençon,Basse-Normandie,-
49,Mordy,Boal,mboal1c@indiatimes.com,6 Stuart Lane,Argentan,Basse-Normandie,-
50,Prisca,Lawrinson,plawrinson1d@etsy.com,75 Petterle Hill,Saint-Lô,Basse-Normandie,-
51,Cully,Winspire,cwinspire1e@shutterfly.com,0 Goodland Junction,Alençon,Basse-Normandie,-
52,Misha,Quarles,mquarles1f@booking.com,66 Dayton Pass,Palma De Mallorca,Baleares,Espanha
53,Jervis,Genner,jgenner1g@addthis.com,06 Jackson Avenue,Caen,Basse-Normandie,-
54,Keary,McGinty,kmcginty1h@sfgate.com,55664 Express Street,Pescara,Abruzzi,-
55,Kippy,Bourgourd,kbourgourd1i@skype.com,4751 Union Trail,Trieste,Friuli-Venezia Giulia,-
56,Sara,Gloucester,sgloucester1j@unesco.org,304 Lakewood Terrace,Bruxelles,Bruxelles-Capitale,-
57,Chip,Josuweit,cjosuweit1k@va.gov,3 Golden Leaf Park,Anchorage,Alaska,EUA
58,Modestine,Cure,mcure1l@homestead.com,94 Stone Corner Plaza,Deauville,Basse-Normandie,-
59,Antone,Melley,amelley1m@cam.ac.uk,585 Fieldstone Way,Cherbourg-Octeville,Basse-Normandie,-
60,Vassili,Martinson,vmartinson1n@topsy.com,25 Melrose Alley,Bayeux,Basse-Normandie,-
61,Eva,Barrack,ebarrack1o@dagondesign.com,5 Lakewood Junction,Saint-Lô,Basse-Normandie,-
62,Frederico,Allday,fallday1p@netscape.com,7 Buell Center,Trieste,Friuli-Venezia Giulia,-
63,Clayson,Messenger,cmessenger1q@gravatar.com,98 Debs Place,Caen,Basse-Normandie,-
64,Emmalee,Carette,ecarette1r@howstuffworks.com,6609 Nevada Alley,Caen,Basse-Normandie,-
65,Eimile,Densey,edensey1s@slashdot.org,92247 Caliangt Place,Palma De Mallorca,Baleares,Espanha
66,Nobie,Davidescu,ndavidescu1t@dailymail.co.uk,00 Nancy Trail,Trieste,Friuli-Venezia Giulia,-
67,Doralynne,Tribbeck,dtribbeck1u@sohu.com,5 Randy Pass,Caen,Basse-Normandie,-
68,Sibyl,Counihan,scounihan1v@rakuten.co.jp,7692 Service Court,Avranches,Basse-Normandie,-
69,Mickie,Lampkin,mlampkin1w@delicious.com,70 Stang Hill,Granville,Basse-Normandie,-
70,Letisha,Scollard,lscollard1x@thetimes.co.uk,39749 Columbus Crossing,Trieste,Friuli-Venezia Giulia,-
71,Dawn,Deacon,ddeacon1y@fastcompany.com,9 Cambridge Trail,Bayeux,Basse-Normandie,-
72,Christoffer,Goodsell,cgoodsell1z@jugem.jp,80979 Barby Hill,Alençon,Basse-Normandie,-
73,Brandice,Smuth,bsmuth20@skype.com,44116 Charing Cross Crossing,Granville,Basse-Normandie,-
74,Daveta,Lobley,dlobley21@jalbum.net,03 Commercial Drive,Palma De Mallorca,Baleares,Espanha
75,Huberto,Blankau,hblankau22@storify.com,079 5th Crossing,Caen,Basse-Normandie,-
76,Matthiew,Iashvili,miashvili23@vistaprint.com,410 Hallows Junction,Fairbanks,Alaska,EUA
77,Elise,Signe,esigne24@sina.com.cn,50002 Old Gate Plaza,Caen,Basse-Normandie,-
78,Maurizio,Hanny,mhanny25@craigslist.org,38533 Claremont Way,Caen,Basse-Normandie,-
79,Timmi,Blowne,tblowne26@statcounter.com,3669 Anhalt Trail,Anchorage,Alaska,EUA
80,Morna,Bradnum,mbradnum27@oakley.com,19 Nelson Junction,Palma De Mallorca,Baleares,Espanha
81,Ilsa,Waddams,iwaddams28@ucsd.edu,565 Valley Edge Alley,Saint-Lô,Basse-Normandie,-
82,Vonny,Norcutt,vnorcutt29@umich.edu,51 Rusk Center,Bruxelles,Bruxelles-Capitale,-
83,Julie,Tommasuzzi,jtommasuzzi2a@hp.com,72465 Weeping Birch Terrace,Deauville,Basse-Normandie,-
84,Arlinda,Pettipher,apettipher2b@sourceforge.net,87 Menomonie Way,Pescara,Abruzzi,-
85,Filmore,Cashley,fcashley2c@github.io,69090 Bartelt Circle,Anchorage,Alaska,EUA
86,Bent,Milson,bmilson2d@webmd.com,5 Maywood Park,Caen,Basse-Normandie,-
87,Janaya,MacTerrelly,jmacterrelly2e@cnbc.com,669 Dixon Place,Carpiquet,Basse-Normandie,-
88,Langsdon,Cheesworth,lcheesworth2f@xinhuanet.com,2 5th Lane,Caen,Basse-Normandie,-
89,Ulrica,Dalgleish,udalgleish2g@zimbio.com,7 Hintze Way,Palma De Mallorca,Baleares,Espanha
90,Elvina,Tersay,etersay2h@amazon.com,285 Dovetail Point,Bayeux,Basse-Normandie,-
91,Madalena,Gaffney,mgaffney2i@intel.com,2 Vernon Place,Coutances,Basse-Normandie,-
92,Rockey,Bruckent,rbruckent2j@360.cn,8 Maywood Avenue,Caen,Basse-Normandie,-
93,Andy,Covet,acovet2k@google.com,6876 Kipling Hill,Caen,Basse-Normandie,-
94,Tabbatha,Yegorovnin,tyegorovnin2l@i2i.jp,6170 Texas Trail,Caen,Basse-Normandie,-
95,Massimiliano,Coburn,mcoburn2m@google.co.jp,9 Meadow Vale Trail,Palma De Mallorca,Baleares,Espanha
96,Ulick,Di Ruggero,udiruggero2n@360.cn,485 Delladonna Park,Fairbanks,Alaska,EUA
97,Raffarty,Ridgeway,rridgeway2o@howstuffworks.com,00644 Harbort Way,Deauville,Basse-Normandie,-
98,Jacynth,Giorgietto,jgiorgietto2p@jugem.jp,448 Portage Drive,Caen,Basse-Normandie,-
99,Free,Kennaird,fkennaird2q@ox.ac.uk,643 Hagan Street,Carpiquet,Basse-Normandie,-
100,Ulberto,Sloat,usloat2r@vk.com,10741 Oak Circle,Caen,Basse-Normandie,-
101,Anette,Grogan,agrogan2s@fc2.com,91491 Thackeray Avenue,Alençon,Basse-Normandie,-
102,Orrin,Luxmoore,oluxmoore2t@qq.com,84 Reinke Crossing,L'Aigle,Basse-Normandie,-
103,Yul,MacArd,ymacard2u@parallels.com,8 Wayridge Lane,Palma De Mallorca,Baleares,Espanha
104,Sean,Brome,sbrome2v@typepad.com,820 Melvin Lane,Palma De Mallorca,Baleares,Espanha
105,Bay,Cornill,bcornill2w@elegantthemes.com,841 Arizona Hill,Caen,Basse-Normandie,-
106,Isabeau,Brewett,ibrewett2x@symantec.com,74 Oak Valley Pass,Saint-Lô,Basse-Normandie,-
107,Allianora,Giovannazzi,agiovannazzi2y@mit.edu,454 Center Drive,Lisieux,Basse-Normandie,-
108,Cullan,Bingley,cbingley2z@ucoz.com,66 Browning Point,Bruxelles,Bruxelles-Capitale,-
109,Rodrick,Bellwood,rbellwood30@symantec.com,2041 Merry Court,Trieste,Friuli-Venezia Giulia,-
110,Augy,Badwick,abadwick31@ihg.com,0 Mendota Center,Granville,Basse-Normandie,-
111,Kimberly,Twiggs,ktwiggs32@freewebs.com,04098 Clarendon Alley,Saint-Lô,Basse-Normandie,-
112,Hilliard,Southcoat,hsouthcoat33@mapy.cz,16572 Fair Oaks Parkway,Coutances,Basse-Normandie,-
113,Joyan,Dielhenn,jdielhenn34@cnet.com,09 Del Mar Trail,Caen,Basse-Normandie,-
114,Bessy,Bluett,bbluett35@utexas.edu,1 Fallview Plaza,Saint-Lô,Basse-Normandie,-
115,Levi,Wong,lwong36@live.com,69 Scott Junction,Saint-Lô,Basse-Normandie,-
116,Boycey,Pattrick,bpattrick37@miitbeian.gov.cn,15 Center Alley,Saint-Lô,Basse-Normandie,-
117,Griffy,Shellum,gshellum38@yahoo.co.jp,072 Merrick Parkway,Bruxelles,Bruxelles-Capitale,-
118,Vin,Junifer,vjunifer39@4shared.com,79962 Scoville Place,Anchorage,Alaska,EUA
119,Sammie,Ogle,sogle3a@w3.org,8256 Cherokee Pass,Coutances,Basse-Normandie,-
120,Clio,Pleavin,cpleavin3b@barnesandnoble.com,2 Lotheville Place,Bayeux,Basse-Normandie,-
121,Ella,Greeve,egreeve3c@nba.com,56 Burning Wood Point,Deauville,Basse-Normandie,-
122,Fayina,Cardenosa,fcardenosa3d@reference.com,7 Old Shore Park,Trieste,Friuli-Venezia Giulia,-
123,Jolynn,Brake,jbrake3e@bluehost.com,524 Algoma Drive,Caen,Basse-Normandie,-
124,Val,Ianittello,vianittello3f@flavors.me,0801 Nova Avenue,Anchorage,Alaska,EUA
125,Lovell,Brettle,lbrettle3g@google.co.uk,67 Pearson Park,Trieste,Friuli-Venezia Giulia,-
126,Fonzie,Burleigh,fburleigh3h@walmart.com,08805 Glendale Junction,Lisieux,Basse-Normandie,-
127,Liane,Hanhard,lhanhard3i@slideshare.net,46 Loftsgordon Way,Anchorage,Alaska,EUA
128,Antons,Maddigan,amaddigan3j@squidoo.com,879 Dwight Road,Trieste,Friuli-Venezia Giulia,-
129,Marty,Woodroff,mwoodroff3k@discuz.net,10639 Esch Center,L'Aigle,Basse-Normandie,-
130,Jacintha,Cote,jcote3l@marriott.com,8 Kropf Way,Avranches,Basse-Normandie,-
131,Joly,Ortmann,jortmann3m@howstuffworks.com,5553 Sullivan Point,Cherbourg-Octeville,Basse-Normandie,-
132,Kassie,O'Docherty,kodocherty3n@sakura.ne.jp,1173 Carey Court,Alençon,Basse-Normandie,-
133,Merle,Boss,mboss3o@umich.edu,7 Mandrake Pass,Caen,Basse-Normandie,-
134,Pate,Di Nisco,pdinisco3p@issuu.com,503 Lindbergh Center,Flers,Basse-Normandie,-
135,Sileas,Conybear,sconybear3q@illinois.edu,5338 Warrior Junction,Lisieux,Basse-Normandie,-
136,Phillie,Schulke,pschulke3r@ucoz.com,31 Troy Way,Cherbourg-Octeville,Basse-Normandie,-
137,Jeniffer,Ladewig,jladewig3s@foxnews.com,7484 Anhalt Avenue,Deauville,Basse-Normandie,-
138,Kerby,Logsdale,klogsdale3t@lycos.com,6257 Cardinal Court,Palma De Mallorca,Baleares,Espanha
139,Nicholle,Elfleet,nelfleet3u@go.com,360 Westend Street,Palma De Mallorca,Baleares,Espanha
140,Jan,Margrem,jmargrem3v@tamu.edu,1659 Cody Drive,Fairbanks,Alaska,EUA
141,Eldridge,Lighten,elighten3w@google.ru,15434 Mallory Parkway,Lisieux,Basse-Normandie,-
142,Benson,McGookin,bmcgookin3x@patch.com,41 Village Green Parkway,Caen,Basse-Normandie,-
143,Rutter,Medgwick,rmedgwick3y@storify.com,0 Sunbrook Circle,Caen,Basse-Normandie,-
144,Sibel,Slyde,sslyde3z@bloglines.com,68 Memorial Crossing,Caen,Basse-Normandie,-
145,Dion,Helks,dhelks40@dell.com,8 Dennis Street,Anchorage,Alaska,EUA
146,Adaline,Costin,acostin41@bbc.co.uk,634 Morning Point,Caen,Basse-Normandie,-
147,Blayne,Woolacott,bwoolacott42@irs.gov,2704 Ohio Plaza,Pescara,Abruzzi,-
148,Anthe,Tolerton,atolerton43@360.cn,7 Beilfuss Trail,Bruxelles,Bruxelles-Capitale,-
149,Teriann,Crat,tcrat44@storify.com,1941 Hintze Terrace,Caen,Basse-Normandie,-
150,Raviv,Cowell,rcowell45@ameblo.jp,48694 Vahlen Plaza,Pescara,Abruzzi,-
151,Celine,Ganders,cganders46@w3.org,38 Center Trail,Palma De Mallorca,Baleares,Espanha
152,Jermayne,Willishire,jwillishire47@tinypic.com,564 Dennis Road,Caen,Basse-Normandie,-
153,Quincy,Sumpner,qsumpner48@163.com,7008 2nd Way,Argentan,Basse-Normandie,-
154,Selma,Biasotti,sbiasotti49@va.gov,2 Melby Road,Caen,Basse-Normandie,-
155,Maurizio,Lukash,mlukash4a@yellowpages.com,00 Sugar Road,Caen,Basse-Normandie,-
156,Robers,Trasler,rtrasler4b@businessinsider.com,764 Alpine Crossing,Alençon,Basse-Normandie,-
157,Cherry,Cappel,ccappel4c@independent.co.uk,9572 Mayer Junction,L'Aigle,Basse-Normandie,-
158,Ranna,Matys,rmatys4d@slashdot.org,93 Lakeland Pass,Carpiquet,Basse-Normandie,-
159,Chic,Snowling,csnowling4e@google.fr,60 Rockefeller Plaza,Bruxelles,Bruxelles-Capitale,-
160,Dewitt,Gores,dgores4f@statcounter.com,426 Dottie Circle,Argentan,Basse-Normandie,-
161,Waldemar,McQuie,wmcquie4g@paginegialle.it,9 Fallview Pass,Palma De Mallorca,Baleares,Espanha
162,Wilie,Prydie,wprydie4h@privacy.gov.au,43061 Green Alley,Saint-Lô,Basse-Normandie,-
163,Doralia,Meaders,dmeaders4i@aol.com,9388 Garrison Terrace,Flers,Basse-Normandie,-
164,Ashien,Toppas,atoppas4j@dmoz.org,55755 Mandrake Plaza,L'Aigle,Basse-Normandie,-
165,Gussi,Wathen,gwathen4k@cdc.gov,5185 Kinsman Pass,Granville,Basse-Normandie,-
166,Cyrus,Wort,cwort4l@accuweather.com,20879 Norway Maple Hill,Caen,Basse-Normandie,-
167,Lani,Trent,ltrent4m@360.cn,097 Coleman Parkway,Palma De Mallorca,Baleares,Espanha
168,Maggie,Hundy,mhundy4n@trellian.com,18 Fairfield Street,Saint-Lô,Basse-Normandie,-
169,Hildagard,Sidwick,hsidwick4o@qq.com,727 Fairview Circle,Flers,Basse-Normandie,-
170,Reuven,Killingback,rkillingback4p@friendfeed.com,0 Thierer Street,Caen,Basse-Normandie,-
171,Tiebout,Tidbold,ttidbold4q@utexas.edu,753 Portage Plaza,Trieste,Friuli-Venezia Giulia,-
172,My,Mulrenan,mmulrenan4r@sciencedaily.com,1054 Florence Circle,Caen,Basse-Normandie,-
173,Saunder,Di Francesco,sdifrancesco4s@ebay.co.uk,160 Scott Parkway,Flers,Basse-Normandie,-
174,Salvidor,Pastor,spastor4t@discuz.net,78 Mccormick Avenue,Trieste,Friuli-Venezia Giulia,-
175,Jard,Wickwar,jwickwar4u@instagram.com,11916 Pleasure Center,Caen,Basse-Normandie,-
176,Stafford,Pennaman,spennaman4v@cmu.edu,242 Ridgeway Terrace,Alençon,Basse-Normandie,-
177,Reinhard,Gallaher,rgallaher4w@altervista.org,0473 Dwight Street,Caen,Basse-Normandie,-
178,Mayer,Buttress,mbuttress4x@cbsnews.com,443 Moland Pass,Caen,Basse-Normandie,-
179,Neron,Eskrigg,neskrigg4y@tinypic.com,948 Loomis Court,Anchorage,Alaska,EUA
180,Chane,Chivers,cchivers4z@behance.net,315 Bobwhite Junction,Caen,Basse-Normandie,-
181,Aurilia,Strothers,astrothers50@huffingtonpost.com,95415 Blaine Place,Coutances,Basse-Normandie,-
182,Jedidiah,Keesman,jkeesman51@bbb.org,06 Pennsylvania Point,Trieste,Friuli-Venezia Giulia,-
183,Lorens,Dugald,ldugald52@tinypic.com,32 Clarendon Place,Caen,Basse-Normandie,-
184,Feliks,Cobbledick,fcobbledick53@opera.com,87 Summit Parkway,Cherbourg-Octeville,Basse-Normandie,-
185,Caye,Arnow,carnow54@desdev.cn,877 Canary Pass,Palma De Mallorca,Baleares,Espanha
186,Dianemarie,Warin,dwarin55@xinhuanet.com,3 Armistice Trail,Caen,Basse-Normandie,-
187,Wallis,Fiddeman,wfiddeman56@sbwire.com,00020 Tennyson Way,Anchorage,Alaska,EUA
188,Tod,Lovett,tlovett57@jimdo.com,04 Myrtle Place,Alençon,Basse-Normandie,-
189,Thebault,Dood,tdood58@drupal.org,07505 Linden Parkway,Trieste,Friuli-Venezia Giulia,-
190,Spence,Stronack,sstronack59@goo.ne.jp,0093 4th Terrace,Palma De Mallorca,Baleares,Espanha
191,Jewel,Aicken,jaicken5a@umn.edu,61 Division Lane,Alençon,Basse-Normandie,-
192,Gregorio,Rontsch,grontsch5b@uiuc.edu,12939 Starling Center,Alençon,Basse-Normandie,-
193,Fernando,Kalinowsky,fkalinowsky5c@ocn.ne.jp,6 Mockingbird Terrace,Avranches,Basse-Normandie,-
194,Lockwood,O'Rourke,lorourke5d@meetup.com,43406 South Parkway,Coutances,Basse-Normandie,-
195,Violante,Bower,vbower5e@acquirethisname.com,918 American Ash Point,Coutances,Basse-Normandie,-
196,Brad,Bartholomew,bbartholomew5f@weebly.com,435 Commercial Crossing,Caen,Basse-Normandie,-
197,Buiron,Howen,bhowen5g@drupal.org,2892 Fulton Hill,Cherbourg-Octeville,Basse-Normandie,-
198,Helaine,Issacson,hissacson5h@weibo.com,733 Nancy Center,Deauville,Basse-Normandie,-
199,Florina,Scholtz,fscholtz5i@google.com.br,921 Laurel Hill,Carpiquet,Basse-Normandie,-
200,Clary,Pears,cpears5j@pen.io,2 Arkansas Plaza,Bayeux,Basse-Normandie,-
201,Cathyleen,Headly,cheadly5k@flickr.com,8 Lien Center,Anchorage,Alaska,EUA
202,Cissiee,Adran,cadran5l@pen.io,442 Warbler Alley,Trieste,Friuli-Venezia Giulia,-
203,Alford,Mackrell,amackrell5m@spiegel.de,9 Nobel Street,Cherbourg-Octeville,Basse-Normandie,-
204,Blaire,Eytel,beytel5n@fc2.com,06507 Hoepker Place,Trieste,Friuli-Venezia Giulia,-
205,Ulysses,Lowery,ulowery5o@homestead.com,175 Tennessee Avenue,Bayeux,Basse-Normandie,-
206,Ari,Gissop,agissop5p@vkontakte.ru,6453 Tennessee Terrace,Saint-Lô,Basse-Normandie,-
207,Dannel,Hardbattle,dhardbattle5q@wikipedia.org,32496 Stone Corner Way,Caen,Basse-Normandie,-
208,Ban,Wilcocks,bwilcocks5r@bravesites.com,9041 Dahle Trail,Saint-Lô,Basse-Normandie,-
209,Perri,Varfalameev,pvarfalameev5s@xinhuanet.com,9178 Bartelt Lane,L'Aigle,Basse-Normandie,-
210,Helli,Cartwight,hcartwight5t@weather.com,1371 Farragut Center,Caen,Basse-Normandie,-
211,Jessamine,Brayn,jbrayn5u@youtube.com,6 High Crossing Way,Granville,Basse-Normandie,-
212,Gregoire,Wadwell,gwadwell5v@yandex.ru,9 Pennsylvania Crossing,Pescara,Abruzzi,-
213,Becky,Gonnel,bgonnel5w@un.org,3223 Daystar Court,Anchorage,Alaska,EUA
214,Angus,Hourican,ahourican5x@tinypic.com,99 Fieldstone Lane,Cherbourg-Octeville,Basse-Normandie,-
215,Jaclyn,Fretter,jfretter5y@ibm.com,88714 Redwing Street,Bruxelles,Bruxelles-Capitale,-
216,Sonja,Lilian,slilian5z@yellowbook.com,828 Twin Pines Pass,Anchorage,Alaska,EUA
217,Hinze,Staner,hstaner60@taobao.com,70024 Carey Plaza,Bayeux,Basse-Normandie,-
218,Tadeas,Apfelmann,tapfelmann61@sciencedaily.com,053 Kensington Trail,Caen,Basse-Normandie,-
219,Anatole,Spurritt,aspurritt62@wordpress.org,8 Elka Hill,Palma De Mallorca,Baleares,Espanha
220,Rivalee,Todarello,rtodarello63@home.pl,4133 Schurz Park,Coutances,Basse-Normandie,-
221,Barde,Keeri,bkeeri64@cargocollective.com,3253 Lukken Plaza,Palma De Mallorca,Baleares,Espanha
222,Randi,Cordingley,rcordingley65@storify.com,58710 Sundown Road,Bruxelles,Bruxelles-Capitale,-
223,Leland,Woolf,lwoolf66@eventbrite.com,648 Myrtle Plaza,Caen,Basse-Normandie,-
224,Tildy,Aldritt,taldritt67@canalblog.com,91623 Rowland Junction,Deauville,Basse-Normandie,-
225,Joellen,Cowderay,jcowderay68@delicious.com,19165 Cody Trail,Trieste,Friuli-Venezia Giulia,-
226,Aggi,Slaughter,aslaughter69@state.gov,75 Wayridge Street,Palma De Mallorca,Baleares,Espanha
227,Karie,Kilbourn,kkilbourn6a@addtoany.com,6 Mockingbird Road,Fairbanks,Alaska,EUA
228,Pascale,Coatham,pcoatham6b@tripadvisor.com,05 2nd Court,Caen,Basse-Normandie,-
229,Andros,Montel,amontel6c@github.io,3 Dunning Junction,Pescara,Abruzzi,-
230,Meir,Shapira,mshapira6d@dmoz.org,11 Knutson Pass,Pescara,Abruzzi,-
231,Ora,Allot,oallot6e@odnoklassniki.ru,3909 Summerview Place,Caen,Basse-Normandie,-
232,Bord,Bruckshaw,bbruckshaw6f@topsy.com,2 Ridgeway Park,Saint-Lô,Basse-Normandie,-
233,Jo-anne,McLagan,jmclagan6g@xrea.com,16 Messerschmidt Lane,Caen,Basse-Normandie,-
234,Jasmin,Hartell,jhartell6h@mysql.com,61 Rigney Terrace,Palma De Mallorca,Baleares,Espanha
235,Meridel,Garrud,mgarrud6i@huffingtonpost.com,143 Truax Junction,Alençon,Basse-Normandie,-
236,Emmanuel,Souten,esouten6j@pinterest.com,14 Lukken Circle,Palma De Mallorca,Baleares,Espanha
237,Avril,Curtois,acurtois6k@irs.gov,0 Garrison Circle,Cherbourg-Octeville,Basse-Normandie,-
238,Shay,Trowell,strowell6l@sun.com,354 Montana Way,Palma De Mallorca,Baleares,Espanha
239,Brandi,Heineken,bheineken6m@addtoany.com,907 Elgar Plaza,Caen,Basse-Normandie,-
240,Rosella,Cabera,rcabera6n@altervista.org,15 Longview Road,L'Aigle,Basse-Normandie,-
241,Rudyard,Rigney,rrigney6o@thetimes.co.uk,42197 Tomscot Pass,Granville,Basse-Normandie,-
242,Merridie,Twinborough,mtwinborough6p@google.co.uk,089 Upham Way,Cherbourg-Octeville,Basse-Normandie,-
243,Aveline,Mileham,amileham6q@e-recht24.de,208 Thackeray Crossing,Caen,Basse-Normandie,-
244,Guendolen,Broadfield,gbroadfield6r@si.edu,9441 Northport Point,Saint-Lô,Basse-Normandie,-
245,Ferris,O'Connor,foconnor6s@reference.com,0600 Buell Alley,Bruxelles,Bruxelles-Capitale,-
246,Kalli,Plak,kplak6t@deliciousdays.com,6 Russell Crossing,Lisieux,Basse-Normandie,-
247,Franciskus,Kearn,fkearn6u@microsoft.com,14922 Pond Lane,Argentan,Basse-Normandie,-
248,Karine,Cosser,kcosser6v@wired.com,3 Bellgrove Trail,Caen,Basse-Normandie,-
249,Sibby,Sommerlin,ssommerlin6w@who.int,4 Vermont Center,Bayeux,Basse-Normandie,-
250,Emlyn,Van Rembrandt,evanrembrandt6x@ted.com,08 International Drive,Avranches,Basse-Normandie,-
251,Adan,Cadney,acadney6y@fastcompany.com,09435 Donald Park,Caen,Basse-Normandie,-
252,Julita,Brewitt,jbrewitt6z@163.com,01548 Alpine Center,Caen,Basse-Normandie,-
253,Mair,Lazer,mlazer70@bluehost.com,2580 Hansons Alley,Argentan,Basse-Normandie,-
254,Bennie,Lightewood,blightewood71@wsj.com,02 Melby Court,Caen,Basse-Normandie,-
255,Kristopher,McMorran,kmcmorran72@who.int,50 Fisk Court,Caen,Basse-Normandie,-
256,Dierdre,Caygill,dcaygill73@hhs.gov,487 Kenwood Trail,Palma De Mallorca,Baleares,Espanha
257,Lyman,Cubitt,lcubitt74@globo.com,5581 Laurel Drive,Cherbourg-Octeville,Basse-Normandie,-
258,Lukas,Basnett,lbasnett75@dagondesign.com,382 Old Shore Hill,Palma De Mallorca,Baleares,Espanha
259,Issy,Hearmon,ihearmon76@geocities.jp,30013 Lien Plaza,Alençon,Basse-Normandie,-
260,Kitti,Evered,kevered77@economist.com,23338 Basil Trail,Anchorage,Alaska,EUA
261,Kara-lynn,Jane,kjane78@booking.com,136 Coolidge Avenue,Alençon,Basse-Normandie,-
262,Lulu,Fairbrace,lfairbrace79@ovh.net,81 Homewood Pass,Caen,Basse-Normandie,-
263,Kayle,Berndtsson,kberndtsson7a@telegraph.co.uk,22366 Rowland Terrace,L'Aigle,Basse-Normandie,-
264,Alanson,Godbert,agodbert7b@webmd.com,9 Manufacturers Place,Caen,Basse-Normandie,-
265,Marji,Battelle,mbattelle7c@4shared.com,29054 La Follette Avenue,Caen,Basse-Normandie,-
266,Florinda,Hastilow,fhastilow7d@blogger.com,260 Kenwood Way,Bruxelles,Bruxelles-Capitale,-
267,Efren,Yosevitz,eyosevitz7e@digg.com,07195 Center Lane,Palma De Mallorca,Baleares,Espanha
268,Hartley,Dunstone,hdunstone7f@deviantart.com,749 5th Trail,Caen,Basse-Normandie,-
269,Kelley,Brayn,kbrayn7g@qq.com,10 Rieder Road,Carpiquet,Basse-Normandie,-
270,Gus,Argile,gargile7h@telegraph.co.uk,10484 Mallard Alley,Caen,Basse-Normandie,-
271,Rowe,Tunn,rtunn7i@altervista.org,1928 Loeprich Court,Granville,Basse-Normandie,-
272,Leena,Griggs,lgriggs7j@techcrunch.com,72589 Dixon Avenue,Saint-Lô,Basse-Normandie,-
273,Kellen,Kluger,kkluger7k@artisteer.com,29 Nobel Court,Caen,Basse-Normandie,-
274,Nicky,Scarsbrooke,nscarsbrooke7l@earthlink.net,86289 Portage Alley,Pescara,Abruzzi,-
275,Karlan,Bearn,kbearn7m@thetimes.co.uk,60829 Washington Circle,Fairbanks,Alaska,EUA
276,Hanan,Whorlow,hwhorlow7n@vimeo.com,1 Riverside Pass,Saint-Lô,Basse-Normandie,-
277,Samara,Mairs,smairs7o@nba.com,1542 Wayridge Trail,Argentan,Basse-Normandie,-
278,Miner,Cisson,mcisson7p@ameblo.jp,3 Colorado Drive,Caen,Basse-Normandie,-
279,Garret,Jikovsky,gjikovsky7q@hibu.com,42 Homewood Alley,Bruxelles,Bruxelles-Capitale,-
280,Mace,Withams,mwithams7r@yale.edu,19732 Warrior Street,Caen,Basse-Normandie,-
281,Dew,Lawty,dlawty7s@springer.com,7005 Merrick Crossing,Trieste,Friuli-Venezia Giulia,-
282,Patrizia,Harral,pharral7t@dagondesign.com,909 Bowman Crossing,Avranches,Basse-Normandie,-
283,Cody,McKew,cmckew7u@hostgator.com,39 Browning Way,Caen,Basse-Normandie,-
284,Delinda,Winsborrow,dwinsborrow7v@accuweather.com,5 Novick Junction,Palma De Mallorca,Baleares,Espanha
285,Bevon,Habershon,bhabershon7w@tuttocitta.it,4049 Loomis Place,Carpiquet,Basse-Normandie,-
286,Orel,Frow,ofrow7x@elegantthemes.com,75 Washington Alley,Caen,Basse-Normandie,-
287,Luis,Lynam,llynam7y@mtv.com,68430 Myrtle Plaza,Alençon,Basse-Normandie,-
288,Jody,Edmeads,jedmeads7z@tripadvisor.com,7 David Avenue,Pescara,Abruzzi,-
289,Antonina,Wilsey,awilsey80@go.com,26 Merchant Parkway,Alençon,Basse-Normandie,-
290,Matti,Pinn,mpinn81@hubpages.com,73 Service Lane,Bayeux,Basse-Normandie,-
291,Birk,Derkes,bderkes82@illinois.edu,9 Pearson Place,Lisieux,Basse-Normandie,-
292,Kipper,Yurchenko,kyurchenko83@discuz.net,78010 Northport Junction,Caen,Basse-Normandie,-
293,Page,Falla,pfalla84@deliciousdays.com,2 Tennessee Avenue,Granville,Basse-Normandie,-
294,Pietrek,Fasset,pfasset85@cpanel.net,831 Comanche Hill,Pescara,Abruzzi,-
295,Keslie,Manlow,kmanlow86@artisteer.com,5335 Marcy Terrace,Bayeux,Basse-Normandie,-
296,Conway,Giovanardi,cgiovanardi87@blinklist.com,98203 Thompson Trail,Anchorage,Alaska,EUA
297,Patrick,Imesson,pimesson88@omniture.com,1099 Debra Plaza,Caen,Basse-Normandie,-
298,Emanuel,Bowden,ebowden89@amazon.co.uk,2796 Rusk Plaza,Caen,Basse-Normandie,-
299,Arda,Stot,astot8a@yolasite.com,28 Florence Alley,Flers,Basse-Normandie,-
300,Massimo,Gettins,mgettins8b@symantec.com,5 Talmadge Park,Anchorage,Alaska,EUA
301,Mimi,Sheaber,msheaber8c@foxnews.com,21 Summer Ridge Plaza,Fairbanks,Alaska,EUA
302,Alvie,Calven,acalven8d@netvibes.com,8 Miller Park,Palma De Mallorca,Baleares,Espanha
303,Jeanelle,Baversor,jbaversor8e@mapy.cz,44 Milwaukee Court,Alençon,Basse-Normandie,-
304,Gwyneth,Goodinge,ggoodinge8f@chron.com,69895 Thierer Alley,Granville,Basse-Normandie,-
305,Frederico,Matyushonok,fmatyushonok8g@skype.com,4141 Continental Junction,Argentan,Basse-Normandie,-
306,Skipp,Spradbrow,sspradbrow8h@kickstarter.com,7959 Ohio Drive,Bruxelles,Bruxelles-Capitale,-
307,Merrill,Alexandrescu,malexandrescu8i@java.com,974 Golf Course Point,Trieste,Friuli-Venezia Giulia,-
308,Barthel,Seman,bseman8j@quantcast.com,40 Lerdahl Pass,Alençon,Basse-Normandie,-
309,Colas,Potteril,cpotteril8k@vistaprint.com,65 Schmedeman Center,Saint-Lô,Basse-Normandie,-
310,Norris,Gillyett,ngillyett8l@booking.com,245 Warbler Crossing,Caen,Basse-Normandie,-
311,Eachelle,Cellone,ecellone8m@imgur.com,2451 Muir Pass,Caen,Basse-Normandie,-
312,Lisabeth,Grisenthwaite,lgrisenthwaite8n@shutterfly.com,00 1st Avenue,Caen,Basse-Normandie,-
313,Liva,Ungerecht,lungerecht8o@storify.com,0 Novick Way,Caen,Basse-Normandie,-
314,Natalina,Hewson,nhewson8p@smugmug.com,4 Chive Parkway,L'Aigle,Basse-Normandie,-
315,Jane,Scholard,jscholard8q@ovh.net,865 Declaration Alley,Caen,Basse-Normandie,-
316,Tracey,Huggill,thuggill8r@blogspot.com,5 Esch Junction,Palma De Mallorca,Baleares,Espanha
317,Georgeanne,Samme,gsamme8s@bbc.co.uk,95 Pawling Pass,Bayeux,Basse-Normandie,-
318,Berkie,Locard,blocard8t@weebly.com,0 Lyons Street,Caen,Basse-Normandie,-
319,Kirstyn,Radeliffe,kradeliffe8u@economist.com,42 Myrtle Center,Alençon,Basse-Normandie,-
320,Aharon,Eliasson,aeliasson8v@springer.com,78 Laurel Center,Caen,Basse-Normandie,-
321,Irita,Garrold,igarrold8w@ezinearticles.com,812 Forest Plaza,L'Aigle,Basse-Normandie,-
322,Elberta,Cosham,ecosham8x@microsoft.com,463 Browning Terrace,Saint-Lô,Basse-Normandie,-
323,Kristi,McCrachen,kmccrachen8y@dailymotion.com,18743 Barnett Trail,Caen,Basse-Normandie,-
324,Dino,Shoebottom,dshoebottom8z@oaic.gov.au,69 Kingsford Point,Saint-Lô,Basse-Normandie,-
325,Chrissie,Brake,cbrake90@sogou.com,6 Jay Circle,Alençon,Basse-Normandie,-
326,Blithe,Mellenby,bmellenby91@homestead.com,770 Eastwood Circle,Caen,Basse-Normandie,-
327,Marcelle,Crome,mcrome92@uiuc.edu,02 Oak Valley Trail,Bayeux,Basse-Normandie,-
328,Anatole,Gully,agully93@uol.com.br,45646 Burrows Circle,Cherbourg-Octeville,Basse-Normandie,-
329,Sydney,Boddington,sboddington94@disqus.com,357 Gale Terrace,Coutances,Basse-Normandie,-
330,Cordi,Habbijam,chabbijam95@wordpress.com,75465 Schurz Point,Alençon,Basse-Normandie,-
331,Kirstyn,Brende,kbrende96@sciencedirect.com,97804 Glacier Hill Hill,Carpiquet,Basse-Normandie,-
332,Brynne,Halton,bhalton97@storify.com,64960 Moland Hill,Fairbanks,Alaska,EUA
333,Ronnica,Dillinger,rdillinger98@symantec.com,4514 Straubel Terrace,Anchorage,Alaska,EUA
334,Bibbie,Wey,bwey99@businessweek.com,61235 Monica Drive,Alençon,Basse-Normandie,-
335,Rosalyn,Justun,rjustun9a@japanpost.jp,404 Mesta Avenue,L'Aigle,Basse-Normandie,-
336,Zechariah,Beecroft,zbeecroft9b@e-recht24.de,071 Stuart Crossing,Fairbanks,Alaska,EUA
337,Alfonse,Dredge,adredge9c@businesswire.com,06162 Stang Alley,Trieste,Friuli-Venezia Giulia,-
338,Selena,Garett,sgarett9d@indiegogo.com,4282 Hanson Parkway,Alençon,Basse-Normandie,-
339,Aggie,Loxton,aloxton9e@fc2.com,260 Menomonie Hill,L'Aigle,Basse-Normandie,-
340,Ingunna,Macey,imacey9f@jigsy.com,4536 Mandrake Court,Caen,Basse-Normandie,-
341,Daven,Byllam,dbyllam9g@spiegel.de,1979 Upham Alley,Caen,Basse-Normandie,-
342,Audy,Demoge,ademoge9h@weibo.com,8079 Fisk Parkway,Carpiquet,Basse-Normandie,-
343,Angeline,Giacopetti,agiacopetti9i@utexas.edu,19808 Westport Point,Anchorage,Alaska,EUA
344,Damita,Tipling,dtipling9j@istockphoto.com,710 Laurel Street,Trieste,Friuli-Venezia Giulia,-
345,Ruth,Farryn,rfarryn9k@godaddy.com,33 Ronald Regan Parkway,Avranches,Basse-Normandie,-
346,Keenan,Dreghorn,kdreghorn9l@nyu.edu,2 Westport Hill,Caen,Basse-Normandie,-
347,Ingar,Aimable,iaimable9m@epa.gov,8 Packers Trail,Trieste,Friuli-Venezia Giulia,-
348,Farah,Sansbury,fsansbury9n@whitehouse.gov,220 Reindahl Pass,Bayeux,Basse-Normandie,-
349,Darrel,Maestro,dmaestro9o@psu.edu,63975 East Alley,Bayeux,Basse-Normandie,-
350,Elora,Chessun,echessun9p@utexas.edu,26 Banding Drive,L'Aigle,Basse-Normandie,-
351,Vernon,Wyldes,vwyldes9q@flickr.com,8 Farwell Terrace,Palma De Mallorca,Baleares,Espanha
352,Loree,Caskey,lcaskey9r@mediafire.com,12 Delladonna Trail,Coutances,Basse-Normandie,-
353,Annelise,Lightewood,alightewood9s@narod.ru,56 Transport Parkway,Caen,Basse-Normandie,-
354,Geoffry,Pauer,gpauer9t@google.com,58 Springview Hill,L'Aigle,Basse-Normandie,-
355,Abra,McTaggart,amctaggart9u@squarespace.com,62 Blue Bill Park Way,Cherbourg-Octeville,Basse-Normandie,-
356,Raddie,Hrishchenko,rhrishchenko9v@yahoo.co.jp,41 Ridge Oak Drive,Trieste,Friuli-Venezia Giulia,-
357,Mia,Kunkel,mkunkel9w@google.fr,5 Dexter Pass,Cherbourg-Octeville,Basse-Normandie,-
358,Reagan,Larby,rlarby9x@g.co,2312 Debs Lane,Caen,Basse-Normandie,-
359,Koo,Riccard,kriccard9y@icio.us,01925 Dunning Way,Bruxelles,Bruxelles-Capitale,-
360,Cob,Bromilow,cbromilow9z@sun.com,30262 Reinke Road,Caen,Basse-Normandie,-
361,Gunter,Stratiff,gstratiffa0@trellian.com,380 Fairfield Parkway,Bayeux,Basse-Normandie,-
362,Albert,Jurczak,ajurczaka1@dot.gov,3 Westerfield Circle,Caen,Basse-Normandie,-
363,Sheilakathryn,Shapcote,sshapcotea2@theguardian.com,85835 Pawling Circle,Caen,Basse-Normandie,-
364,Heindrick,Waddy,hwaddya3@hubpages.com,8414 Tennyson Junction,Caen,Basse-Normandie,-
365,Frants,Simpson,fsimpsona4@opensource.org,18809 Buell Street,L'Aigle,Basse-Normandie,-
366,Chrotoem,Waszkiewicz,cwaszkiewicza5@intel.com,621 Dawn Plaza,Flers,Basse-Normandie,-
367,Angie,Anthiftle,aanthiftlea6@icio.us,5792 Village Green Center,Pescara,Abruzzi,-
368,Jonie,Weymouth,jweymoutha7@si.edu,675 Duke Avenue,Bruxelles,Bruxelles-Capitale,-
369,Leyla,Pay,lpaya8@ning.com,01 Chinook Parkway,Caen,Basse-Normandie,-
370,Dewitt,Gong,dgonga9@loc.gov,1 Pepper Wood Pass,Caen,Basse-Normandie,-
371,Aimee,Daniel,adanielaa@unicef.org,2 Arkansas Circle,Lisieux,Basse-Normandie,-
372,Rex,Musk,rmuskab@clickbank.net,3 Center Alley,Cherbourg-Octeville,Basse-Normandie,-
373,Dela,Chadburn,dchadburnac@vinaora.com,67119 Summerview Terrace,Carpiquet,Basse-Normandie,-
374,Shari,Merrison,smerrisonad@etsy.com,7 Amoth Center,Caen,Basse-Normandie,-
375,Binnie,Iorizzi,biorizziae@fema.gov,396 Walton Place,Caen,Basse-Normandie,-
376,Arlena,Ellicott,aellicottaf@desdev.cn,33 Dayton Center,Anchorage,Alaska,EUA
377,Zerk,Soughton,zsoughtonag@drupal.org,31739 Burning Wood Lane,Cherbourg-Octeville,Basse-Normandie,-
378,Godiva,Lant,glantah@nytimes.com,1 Havey Pass,Cherbourg-Octeville,Basse-Normandie,-
379,Gardener,Cossey,gcosseyai@sogou.com,8 Corry Junction,Fairbanks,Alaska,EUA
380,Kial,Ching,kchingaj@photobucket.com,3262 Claremont Pass,Cherbourg-Octeville,Basse-Normandie,-
381,Darrell,Peyton,dpeytonak@webmd.com,92855 Reinke Place,Lisieux,Basse-Normandie,-
382,Merrielle,Dungate,mdungateal@bloomberg.com,90143 Warner Alley,Bruxelles,Bruxelles-Capitale,-
383,Noami,Sherlock,nsherlockam@ebay.co.uk,89672 Golf Course Lane,Alençon,Basse-Normandie,-
384,Caron,Mewis,cmewisan@angelfire.com,5 Autumn Leaf Park,Bayeux,Basse-Normandie,-
385,Chandra,Wooderson,cwoodersonao@cnet.com,6 Novick Parkway,Palma De Mallorca,Baleares,Espanha
386,Bellanca,Seals,bsealsap@php.net,67 Schmedeman Junction,Argentan,Basse-Normandie,-
387,Conny,Jirick,cjirickaq@51.la,76190 Waubesa Crossing,Caen,Basse-Normandie,-
388,Hedvig,Halse,hhalsear@geocities.jp,842 Golf Course Plaza,Saint-Lô,Basse-Normandie,-
389,Perla,McDougall,pmcdougallas@mtv.com,0 Homewood Pass,Argentan,Basse-Normandie,-
390,Tyrone,Cantua,tcantuaat@washington.edu,4 Barnett Center,Caen,Basse-Normandie,-
391,Amandi,Silk,asilkau@umn.edu,09803 Brentwood Street,Pescara,Abruzzi,-
392,Randy,MacDuff,rmacduffav@ebay.co.uk,868 Heath Road,Flers,Basse-Normandie,-
393,Adaline,Sadry,asadryaw@yahoo.com,33 Schmedeman Park,Trieste,Friuli-Venezia Giulia,-
394,Hoebart,Isakovitch,hisakovitchax@samsung.com,3 Shasta Center,Bayeux,Basse-Normandie,-
395,Kiele,Chaters,kchatersay@who.int,6 Loeprich Trail,Caen,Basse-Normandie,-
396,Quinlan,Vinnick,qvinnickaz@utexas.edu,1 Crowley Court,Caen,Basse-Normandie,-
397,Sileas,Tonkin,stonkinb0@eepurl.com,1 Ramsey Way,Lisieux,Basse-Normandie,-
398,Silvio,Duny,sdunyb1@hhs.gov,349 Darwin Parkway,Caen,Basse-Normandie,-
399,Onida,Colvine,ocolvineb2@ycombinator.com,211 Buena Vista Pass,Caen,Basse-Normandie,-
400,Agnes,Crickmoor,acrickmoorb3@macromedia.com,40542 Ohio Junction,Alençon,Basse-Normandie,-
401,Allister,Sybe,asybeb4@springer.com,1 Magdeline Alley,Fairbanks,Alaska,EUA
402,Mella,Greenless,mgreenlessb5@cmu.edu,62079 Sauthoff Avenue,Saint-Lô,Basse-Normandie,-
403,Aymer,Coda,acodab6@reddit.com,7853 Hanson Center,Anchorage,Alaska,EUA
404,Edmund,Mingey,emingeyb7@youku.com,763 Pleasure Hill,Palma De Mallorca,Baleares,Espanha
405,Selie,Bartolacci,sbartolaccib8@xing.com,4882 South Road,Saint-Lô,Basse-Normandie,-
406,Kati,Camacke,kcamackeb9@newyorker.com,8 Lerdahl Trail,L'Aigle,Basse-Normandie,-
407,Yelena,Fernez,yfernezba@answers.com,86 Kipling Terrace,Cherbourg-Octeville,Basse-Normandie,-
408,Annabela,Reame,areamebb@narod.ru,10 Lake View Pass,Granville,Basse-Normandie,-
409,Erinn,Bortolazzi,ebortolazzibc@addthis.com,8981 Meadow Valley Junction,Cherbourg-Octeville,Basse-Normandie,-
410,Rosemarie,Fenwick,rfenwickbd@clickbank.net,3489 Burrows Avenue,Trieste,Friuli-Venezia Giulia,-
411,Christalle,Tansly,ctanslybe@bizjournals.com,420 Lawn Avenue,Caen,Basse-Normandie,-
412,Pauletta,Vassar,pvassarbf@salon.com,994 Southridge Pass,Pescara,Abruzzi,-
413,Regina,Cleaves,rcleavesbg@dagondesign.com,51 1st Circle,Caen,Basse-Normandie,-
414,Emmanuel,Forri,eforribh@instagram.com,8504 Northridge Place,Pescara,Abruzzi,-
415,Merwyn,Canfer,mcanferbi@bigcartel.com,4 Nova Way,Granville,Basse-Normandie,-
416,Abbey,Adolfsen,aadolfsenbj@netvibes.com,66 Orin Lane,Caen,Basse-Normandie,-
417,Rosene,Cordeux,rcordeuxbk@state.tx.us,769 Oakridge Street,Bayeux,Basse-Normandie,-
418,Terra,Markel,tmarkelbl@oaic.gov.au,4 Red Cloud Place,Cherbourg-Octeville,Basse-Normandie,-
419,Constancia,Cawse,ccawsebm@sogou.com,55320 Fisk Trail,Caen,Basse-Normandie,-
420,Andie,Jude,ajudebn@shinystat.com,0 Reindahl Terrace,Palma De Mallorca,Baleares,Espanha
421,Alair,Minney,aminneybo@soup.io,269 Kingsford Place,Fairbanks,Alaska,EUA
422,Perla,Hadden,phaddenbp@engadget.com,05 Randy Circle,Caen,Basse-Normandie,-
423,Antonie,Robiou,arobioubq@bigcartel.com,34150 Kinsman Avenue,Caen,Basse-Normandie,-
424,Ileana,Solan,isolanbr@about.com,49750 5th Court,Caen,Basse-Normandie,-
425,Brunhilda,Dymidowicz,bdymidowiczbs@house.gov,553 Fremont Place,Alençon,Basse-Normandie,-
426,Tobin,Dorrell,tdorrellbt@nhs.uk,144 Sherman Plaza,Avranches,Basse-Normandie,-
427,Chelsy,Scarre,cscarrebu@storify.com,2 Buhler Park,Bruxelles,Bruxelles-Capitale,-
428,Em,Probey,eprobeybv@webs.com,20 Sherman Place,Anchorage,Alaska,EUA
429,Magda,Oluwatoyin,moluwatoyinbw@umich.edu,797 Doe Crossing Parkway,Anchorage,Alaska,EUA
430,Katha,Edlyn,kedlynbx@comcast.net,1 Dwight Place,Granville,Basse-Normandie,-
431,Mannie,Magor,mmagorby@oracle.com,8000 Garrison Place,Caen,Basse-Normandie,-
432,Nikolos,Le Conte,nlecontebz@myspace.com,197 Goodland Pass,Saint-Lô,Basse-Normandie,-
433,Rebekkah,Rodolf,rrodolfc0@independent.co.uk,804 Lighthouse Bay Drive,Caen,Basse-Normandie,-
434,Gussy,Jewar,gjewarc1@zimbio.com,088 Manley Plaza,Anchorage,Alaska,EUA
435,Salvatore,Clem,sclemc2@sbwire.com,13 Elgar Plaza,Anchorage,Alaska,EUA
436,Felicia,Dunlap,fdunlapc3@devhub.com,9 Forest Run Pass,Pescara,Abruzzi,-
437,Hamel,Roistone,hroistonec4@dell.com,554 Sutherland Way,Palma De Mallorca,Baleares,Espanha
438,Gery,Fausset,gfaussetc5@dmoz.org,8 Aberg Lane,Flers,Basse-Normandie,-
439,Rochell,Geddis,rgeddisc6@mtv.com,18451 Warrior Street,Avranches,Basse-Normandie,-
440,Clarissa,Scotchmor,cscotchmorc7@meetup.com,0 Gulseth Avenue,Bruxelles,Bruxelles-Capitale,-
441,Fax,McIlenna,fmcilennac8@tripadvisor.com,608 Northview Circle,Lisieux,Basse-Normandie,-
442,Roanna,Chumley,rchumleyc9@wikipedia.org,50231 Nelson Road,Granville,Basse-Normandie,-
443,Luigi,De Lacey,ldelaceyca@ted.com,369 Shasta Street,Avranches,Basse-Normandie,-
444,Thaddeus,Moxley,tmoxleycb@mapquest.com,6890 Forster Circle,Bruxelles,Bruxelles-Capitale,-
445,Marcos,Checchi,mchecchicc@hc360.com,1203 Sommers Hill,Trieste,Friuli-Venezia Giulia,-
446,Irena,Rosenstock,irosenstockcd@dropbox.com,9185 Johnson Point,Trieste,Friuli-Venezia Giulia,-
447,Josephine,Pelchat,jpelchatce@goo.gl,82 Drewry Drive,Cherbourg-Octeville,Basse-Normandie,-
448,Lancelot,Gregol,lgregolcf@globo.com,8 Everett Center,Lisieux,Basse-Normandie,-
449,Daryl,Das,ddascg@scientificamerican.com,0 Columbus Alley,Trieste,Friuli-Venezia Giulia,-
450,Bernadene,Tibbits,btibbitsch@nydailynews.com,60150 Mockingbird Park,Granville,Basse-Normandie,-
451,Gunner,Deverille,gdeverilleci@elegantthemes.com,42810 Moulton Drive,Anchorage,Alaska,EUA
452,Mattheus,Tommasuzzi,mtommasuzzicj@dell.com,225 Oakridge Junction,Caen,Basse-Normandie,-
453,Boyd,Bollon,bbollonck@delicious.com,70807 John Wall Trail,Caen,Basse-Normandie,-
454,Jamal,Benz,jbenzcl@deliciousdays.com,1 Riverside Avenue,Alençon,Basse-Normandie,-
455,Florri,Scrancher,fscranchercm@miitbeian.gov.cn,4325 Mccormick Crossing,Caen,Basse-Normandie,-
456,Xylina,Fridlington,xfridlingtoncn@ca.gov,3120 Packers Drive,Argentan,Basse-Normandie,-
457,Kelsey,Burnage,kburnageco@dailymotion.com,33 Union Hill,Saint-Lô,Basse-Normandie,-
458,Palm,Trevaskiss,ptrevaskisscp@addtoany.com,189 Basil Center,Bruxelles,Bruxelles-Capitale,-
459,Sky,Yelden,syeldencq@addthis.com,87 Surrey Pass,Saint-Lô,Basse-Normandie,-
460,Norah,Rodolphe,nrodolphecr@jalbum.net,572 Thackeray Lane,Caen,Basse-Normandie,-
461,Harman,Sumsion,hsumsioncs@yale.edu,4131 Carberry Place,Cherbourg-Octeville,Basse-Normandie,-
462,Olive,O'Loughlin,ooloughlinct@blogspot.com,465 Di Loreto Park,Fairbanks,Alaska,EUA
463,Filippa,Alcide,falcidecu@51.la,6994 Vernon Plaza,Anchorage,Alaska,EUA
464,Leann,Beardshall,lbeardshallcv@netscape.com,207 Cherokee Street,Caen,Basse-Normandie,-
465,Fernandina,Diano,fdianocw@wordpress.org,4919 Sunfield Road,Alençon,Basse-Normandie,-
466,Amalea,Chadbourne,achadbournecx@example.com,78585 Division Alley,Caen,Basse-Normandie,-
467,Shannan,Colegrove,scolegrovecy@weebly.com,265 Green Ridge Plaza,Palma De Mallorca,Baleares,Espanha
468,Erda,Jeckell,ejeckellcz@google.pl,97724 Toban Drive,Caen,Basse-Normandie,-
469,Neils,Lachaize,nlachaized0@mozilla.com,8688 Vernon Plaza,Anchorage,Alaska,EUA
470,Sheba,Uppett,suppettd1@webs.com,78715 Melrose Place,Bayeux,Basse-Normandie,-
471,Judas,McQuillan,jmcquilland2@seattletimes.com,00 Pankratz Parkway,Palma De Mallorca,Baleares,Espanha
472,Costanza,Aron,carond3@ca.gov,4 Messerschmidt Court,Anchorage,Alaska,EUA
473,Giacopo,Spurier,gspurierd4@ebay.co.uk,2 Hintze Pass,Cherbourg-Octeville,Basse-Normandie,-
474,Ilise,Rubert,irubertd5@noaa.gov,46 Fairfield Way,L'Aigle,Basse-Normandie,-
475,Alleen,Capstick,acapstickd6@biglobe.ne.jp,39500 Pawling Point,Palma De Mallorca,Baleares,Espanha
476,Marlie,Guierre,mguierred7@goo.gl,7712 Shopko Place,Bruxelles,Bruxelles-Capitale,-
477,Thorn,Jauncey,tjaunceyd8@google.fr,87 4th Plaza,Bayeux,Basse-Normandie,-
478,Shawn,Millott,smillottd9@zdnet.com,002 Messerschmidt Center,Granville,Basse-Normandie,-
479,Hugh,Boshell,hboshellda@studiopress.com,45 Burrows Lane,Bruxelles,Bruxelles-Capitale,-
480,Cos,Balshen,cbalshendb@miitbeian.gov.cn,51 Scofield Parkway,Bayeux,Basse-Normandie,-
481,Tabbie,Petrolli,tpetrollidc@biblegateway.com,520 Hanover Alley,Trieste,Friuli-Venezia Giulia,-
482,Earl,Errington,eerringtondd@ft.com,29130 Bobwhite Way,L'Aigle,Basse-Normandie,-
483,Bartlet,Dragoe,bdragoede@blog.com,83053 Lakewood Gardens Way,Alençon,Basse-Normandie,-
484,Carl,Kment,ckmentdf@skype.com,80285 Chinook Junction,Caen,Basse-Normandie,-
485,Marleah,Origin,morigindg@com.com,971 Ridgeview Alley,Anchorage,Alaska,EUA
486,Kathryne,McVeighty,kmcveightydh@dailymail.co.uk,96 Ronald Regan Trail,Alençon,Basse-Normandie,-
487,Marianne,Hufton,mhuftondi@oaic.gov.au,45 Manley Junction,Lisieux,Basse-Normandie,-
488,Mirabelle,Sharrock,msharrockdj@flickr.com,59770 Debra Junction,Argentan,Basse-Normandie,-
489,Burt,Lowrey,blowreydk@e-recht24.de,30428 Melody Lane,Trieste,Friuli-Venezia Giulia,-
490,Vanessa,Mauchlen,vmauchlendl@telegraph.co.uk,97 Green Ridge Point,Caen,Basse-Normandie,-
491,Burch,Withull,bwithulldm@stanford.edu,7 Porter Circle,L'Aigle,Basse-Normandie,-
492,Henrie,Matthiae,hmatthiaedn@wordpress.org,2711 North Trail,Saint-Lô,Basse-Normandie,-
493,Ingemar,Whitefoot,iwhitefootdo@opera.com,89 Eastwood Hill,Caen,Basse-Normandie,-
494,Matt,Hitzke,mhitzkedp@sogou.com,78 Utah Road,Caen,Basse-Normandie,-
495,Georgeanna,Bridgett,gbridgettdq@msu.edu,73 Clemons Street,Alençon,Basse-Normandie,-
496,Bogey,Coxwell,bcoxwelldr@elegantthemes.com,0261 Moose Plaza,Bruxelles,Bruxelles-Capitale,-
497,Guss,Joncic,gjoncicds@redcross.org,52 Southridge Parkway,Argentan,Basse-Normandie,-
498,Baillie,Hardwicke,bhardwickedt@ft.com,4959 Eagan Road,Flers,Basse-Normandie,-
499,Cariotta,Beaford,cbeaforddu@angelfire.com,05 Westport Place,Deauville,Basse-Normandie,-
500,Easter,Gemnett,egemnettdv@amazon.com,01197 Dryden Court,Bayeux,Basse-Normandie,-
501,Farris,Turtle,fturtledw@google.com.au,33 Talmadge Place,Caen,Basse-Normandie,-
502,Prentiss,Hurt,phurtdx@theglobeandmail.com,3244 Parkside Pass,Bayeux,Basse-Normandie,-
503,Phillip,Rochewell,prochewelldy@answers.com,9 Little Fleur Plaza,Anchorage,Alaska,EUA
504,Vida,Mebes,vmebesdz@jiathis.com,41 Kenwood Center,Anchorage,Alaska,EUA
505,Sibyl,Zammett,szammette0@twitpic.com,298 Calypso Lane,Pescara,Abruzzi,-
506,Lyndel,Fenna,lfennae1@independent.co.uk,19952 Chive Junction,Anchorage,Alaska,EUA
507,Tybi,Cordel,tcordele2@unblog.fr,480 Mesta Park,Bayeux,Basse-Normandie,-
508,Bobina,Bernat,bbernate3@homestead.com,860 Tennyson Pass,Pescara,Abruzzi,-
509,Agosto,Bowle,abowlee4@dailymotion.com,679 Memorial Drive,Fairbanks,Alaska,EUA
510,Melamie,Scouler,mscoulere5@opensource.org,8 Vahlen Crossing,Alençon,Basse-Normandie,-
511,Willyt,Grzegorczyk,wgrzegorczyke6@nydailynews.com,5 Namekagon Way,Anchorage,Alaska,EUA
512,Wendie,Brandenburg,wbrandenburge7@earthlink.net,5 American Ash Trail,Palma De Mallorca,Baleares,Espanha
513,Burg,Belfit,bbelfite8@opensource.org,38 Myrtle Way,Deauville,Basse-Normandie,-
514,Erv,Vearncombe,evearncombee9@themeforest.net,54 Harbort Park,Carpiquet,Basse-Normandie,-
515,Jodee,McCourtie,jmccourtieea@tripadvisor.com,4402 Sage Lane,Alençon,Basse-Normandie,-
516,Gerrilee,Macieiczyk,gmacieiczykeb@addtoany.com,65904 Summer Ridge Drive,Caen,Basse-Normandie,-
517,Flossi,MacDonnell,fmacdonnellec@reuters.com,16 Gina Terrace,Caen,Basse-Normandie,-
518,Arlina,Conant,aconanted@princeton.edu,5122 Bunker Hill Place,Caen,Basse-Normandie,-
519,Shamus,Tander,standeree@google.de,7 Meadow Vale Court,Argentan,Basse-Normandie,-
520,Mahmoud,Matushevich,mmatushevichef@scientificamerican.com,71 Rutledge Parkway,Caen,Basse-Normandie,-
521,Lutero,Vautin,lvautineg@mit.edu,5875 Center Alley,Alençon,Basse-Normandie,-
522,Emlyn,Pryce,epryceeh@devhub.com,45 Heffernan Street,Trieste,Friuli-Venezia Giulia,-
523,Liza,Oldacres,loldacresei@ehow.com,98 Meadow Valley Hill,Saint-Lô,Basse-Normandie,-
524,Vina,Hanniger,vhannigerej@mozilla.com,5385 Oak Valley Alley,Trieste,Friuli-Venezia Giulia,-
525,Ajay,Lote,aloteek@accuweather.com,54437 Meadow Valley Drive,Avranches,Basse-Normandie,-
526,Kellsie,Crumbleholme,kcrumbleholmeel@japanpost.jp,72626 Crescent Oaks Court,Palma De Mallorca,Baleares,Espanha
527,Rorie,Cornelis,rcornelisem@time.com,96860 Crownhardt Pass,Cherbourg-Octeville,Basse-Normandie,-
528,Feodor,Haquard,fhaquarden@ebay.co.uk,6 Hoffman Place,Palma De Mallorca,Baleares,Espanha
529,Chiquita,Britten,cbritteneo@nba.com,04 Namekagon Avenue,Caen,Basse-Normandie,-
530,Grove,Bouskill,gbouskillep@dailymotion.com,3 Fieldstone Center,Caen,Basse-Normandie,-
531,Serge,Henrionot,shenrionoteq@bbb.org,662 Anderson Center,Lisieux,Basse-Normandie,-
532,Saree,Tremathick,stremathicker@netlog.com,0458 Havey Alley,Caen,Basse-Normandie,-
533,Emilio,Tant,etantes@amazon.com,533 Warrior Road,Bruxelles,Bruxelles-Capitale,-
534,Wit,MacDougall,wmacdougallet@example.com,3279 Hallows Park,Caen,Basse-Normandie,-
535,Rutledge,Denver,rdenvereu@goo.gl,49978 Prentice Place,Flers,Basse-Normandie,-
536,Emmye,Minnette,eminnetteev@w3.org,32366 Esker Point,Anchorage,Alaska,EUA
537,Bette-ann,Weinmann,bweinmannew@loc.gov,768 Macpherson Pass,Caen,Basse-Normandie,-
538,Dee dee,Cerro,dcerroex@bloglines.com,4089 Lake View Point,Palma De Mallorca,Baleares,Espanha
539,Brewer,Trippack,btrippackey@seesaa.net,05 Grayhawk Parkway,Alençon,Basse-Normandie,-
540,Lorianna,Aiton,laitonez@over-blog.com,28 Gerald Way,Caen,Basse-Normandie,-
541,Athena,Vinker,avinkerf0@cam.ac.uk,71960 Fieldstone Terrace,Trieste,Friuli-Venezia Giulia,-
542,Channa,Pitt,cpittf1@weibo.com,60673 Manitowish Street,Palma De Mallorca,Baleares,Espanha
543,Risa,Bruna,rbrunaf2@webmd.com,36 Fuller Point,Trieste,Friuli-Venezia Giulia,-
544,Ive,O'Neill,ioneillf3@eventbrite.com,4 Eagle Crest Court,Trieste,Friuli-Venezia Giulia,-
545,Morgen,Garstan,mgarstanf4@google.nl,89383 Graceland Lane,Caen,Basse-Normandie,-
546,Jourdain,Pegrum,jpegrumf5@ezinearticles.com,8 Independence Plaza,Caen,Basse-Normandie,-
547,Karry,Philpott,kphilpottf6@slate.com,4122 Sommers Parkway,Caen,Basse-Normandie,-
548,Fayina,Knott,fknottf7@theatlantic.com,578 Kennedy Lane,Granville,Basse-Normandie,-
549,Binnie,Signorelli,bsignorellif8@noaa.gov,63214 Commercial Street,Avranches,Basse-Normandie,-
550,Aime,Tinker,atinkerf9@about.me,867 Schmedeman Hill,Carpiquet,Basse-Normandie,-
551,Tamqrah,Briffett,tbriffettfa@mlb.com,0414 Utah Plaza,Caen,Basse-Normandie,-
552,Berkie,Lorens,blorensfb@imageshack.us,6 Elgar Park,Caen,Basse-Normandie,-
553,Levey,Chagg,lchaggfc@biglobe.ne.jp,72 Main Crossing,Caen,Basse-Normandie,-
554,Farrand,Normansell,fnormansellfd@cargocollective.com,6254 David Center,Alençon,Basse-Normandie,-
555,Ham,Rampton,hramptonfe@ask.com,2 Crest Line Hill,Caen,Basse-Normandie,-
556,Anastasie,Tewkesbury.,atewkesburyff@imgur.com,62 Straubel Alley,Palma De Mallorca,Baleares,Espanha
557,Pincas,Loughnan,ploughnanfg@pen.io,850 Blue Bill Park Pass,Caen,Basse-Normandie,-
558,Sheffield,Sugarman,ssugarmanfh@army.mil,139 Pennsylvania Terrace,Caen,Basse-Normandie,-
559,Bertrando,Caseley,bcaseleyfi@biblegateway.com,2449 Merrick Avenue,Lisieux,Basse-Normandie,-
560,Birgit,Ogg,boggfj@zdnet.com,1 Crownhardt Drive,Caen,Basse-Normandie,-
561,Corly,Ingyon,cingyonfk@ox.ac.uk,9 Jana Alley,Anchorage,Alaska,EUA
562,Bing,Busst,bbusstfl@yandex.ru,9475 Norway Maple Park,Alençon,Basse-Normandie,-
563,Freda,Huish,fhuishfm@microsoft.com,75671 Dixon Circle,Caen,Basse-Normandie,-
564,Marietta,Clemenson,mclemensonfn@webs.com,232 Corben Drive,Caen,Basse-Normandie,-
565,Keely,Eayres,keayresfo@columbia.edu,30317 Loftsgordon Parkway,Caen,Basse-Normandie,-
566,Jephthah,Jacobsen,jjacobsenfp@pinterest.com,5 Jenna Trail,Anchorage,Alaska,EUA
567,Othelia,Jeenes,ojeenesfq@miitbeian.gov.cn,9 Novick Park,Anchorage,Alaska,EUA
568,Silvester,Ganning,sganningfr@ning.com,68 Sheridan Road,Argentan,Basse-Normandie,-
569,Orin,Gladyer,ogladyerfs@over-blog.com,310 Crownhardt Lane,Saint-Lô,Basse-Normandie,-
570,Steward,Glyssanne,sglyssanneft@google.nl,5 Roxbury Terrace,Argentan,Basse-Normandie,-
571,Claudina,Shakespeare,cshakespearefu@youtube.com,63 Oxford Street,Coutances,Basse-Normandie,-
572,Batholomew,Ram,bramfv@live.com,892 David Trail,Alençon,Basse-Normandie,-
573,Elita,Dyne,edynefw@meetup.com,816 Eastlawn Street,Anchorage,Alaska,EUA
574,Elissa,Francomb,efrancombfx@bing.com,2 Forest Alley,Caen,Basse-Normandie,-
575,Ailyn,Murrigans,amurrigansfy@pinterest.com,0 Spohn Terrace,Caen,Basse-Normandie,-
576,Mariam,Luetchford,mluetchfordfz@zimbio.com,336 Longview Alley,Saint-Lô,Basse-Normandie,-
577,Bree,McWhirter,bmcwhirterg0@etsy.com,5 Emmet Trail,Caen,Basse-Normandie,-
578,Tyrus,Harler,tharlerg1@howstuffworks.com,389 Main Center,Caen,Basse-Normandie,-
579,Giordano,Najara,gnajarag2@deviantart.com,153 High Crossing Parkway,Deauville,Basse-Normandie,-
580,Janene,Gonnely,jgonnelyg3@plala.or.jp,03 Magdeline Way,Cherbourg-Octeville,Basse-Normandie,-
581,Penni,Hubble,phubbleg4@noaa.gov,6728 Forster Plaza,Trieste,Friuli-Venezia Giulia,-
582,Rivkah,Counter,rcounterg5@umn.edu,924 Meadow Vale Court,Granville,Basse-Normandie,-
583,Hayden,Craine,hcraineg6@mediafire.com,5549 Southridge Junction,Caen,Basse-Normandie,-
584,Broderick,Saill,bsaillg7@list-manage.com,03759 Ilene Street,Alençon,Basse-Normandie,-
585,Angus,Tidcombe,atidcombeg8@google.com,2 Bultman Park,Anchorage,Alaska,EUA
586,Ham,Carney,hcarneyg9@blogger.com,23 Surrey Lane,Flers,Basse-Normandie,-
587,Moe,Burdas,mburdasga@archive.org,777 Waxwing Pass,Caen,Basse-Normandie,-
588,Mariska,Swetland,mswetlandgb@mail.ru,946 Mcbride Park,Caen,Basse-Normandie,-
589,Harbert,Ewings,hewingsgc@elpais.com,23 Acker Hill,Caen,Basse-Normandie,-
590,Grissel,Mithon,gmithongd@spotify.com,61797 Gateway Trail,Carpiquet,Basse-Normandie,-
591,Latisha,Hindes,lhindesge@plala.or.jp,815 Chinook Lane,Caen,Basse-Normandie,-
592,Leilah,Gosneye,lgosneyegf@loc.gov,47 Atwood Road,Argentan,Basse-Normandie,-
593,Bobina,Pumfrey,bpumfreygg@zdnet.com,174 Towne Plaza,Palma De Mallorca,Baleares,Espanha
594,Natty,McDonnell,nmcdonnellgh@360.cn,82 Holy Cross Street,Flers,Basse-Normandie,-
595,Giselbert,Scarre,gscarregi@weibo.com,36 Lyons Junction,Flers,Basse-Normandie,-
596,Kally,Pignon,kpignongj@multiply.com,3512 Aberg Crossing,Anchorage,Alaska,EUA
597,Maxy,Raubenheim,mraubenheimgk@seattletimes.com,39 Maple Wood Court,Caen,Basse-Normandie,-
598,Brit,Sudy,bsudygl@businesswire.com,46112 Armistice Lane,Caen,Basse-Normandie,-
599,Carmen,Abelevitz,cabelevitzgm@cnbc.com,51206 Canary Court,Caen,Basse-Normandie,-
600,Fifine,Luttgert,fluttgertgn@princeton.edu,060 Thackeray Pass,Saint-Lô,Basse-Normandie,-
601,Bartolomeo,Rowlands,browlandsgo@japanpost.jp,20462 Green Ridge Lane,Fairbanks,Alaska,EUA
602,Aksel,Atkins,aatkinsgp@technorati.com,88072 Dwight Lane,Caen,Basse-Normandie,-
603,Gualterio,Edridge,gedridgegq@gravatar.com,6940 Blue Bill Park Court,Alençon,Basse-Normandie,-
604,Toby,Jaffray,tjaffraygr@umich.edu,328 Northwestern Trail,Alençon,Basse-Normandie,-
605,Sianna,Holdforth,sholdforthgs@weather.com,186 Carpenter Alley,Saint-Lô,Basse-Normandie,-
606,Flor,Stennard,fstennardgt@histats.com,11651 Mifflin Hill,Coutances,Basse-Normandie,-
607,Olag,Treace,otreacegu@netvibes.com,9099 Mesta Drive,Argentan,Basse-Normandie,-
608,Angelle,Quincey,aquinceygv@ed.gov,47 Nobel Terrace,Saint-Lô,Basse-Normandie,-
609,Kermie,Hainning,khainninggw@4shared.com,31 Brown Point,Palma De Mallorca,Baleares,Espanha
610,Corbin,Tilt,ctiltgx@hatena.ne.jp,3287 Sage Alley,Caen,Basse-Normandie,-
611,Onofredo,Settle,osettlegy@bbb.org,301 Morning Trail,Saint-Lô,Basse-Normandie,-
612,David,Lathan,dlathangz@domainmarket.com,33 Dawn Alley,Anchorage,Alaska,EUA
613,Milty,Janda,mjandah0@usnews.com,350 Mcbride Plaza,Palma De Mallorca,Baleares,Espanha
614,Gordie,Coppard,gcoppardh1@google.fr,31 Iowa Trail,Caen,Basse-Normandie,-
615,Delphine,Fencott,dfencotth2@admin.ch,1397 Loomis Hill,Cherbourg-Octeville,Basse-Normandie,-
616,Hansiain,De Coursey,hdecourseyh3@rediff.com,7 Donald Avenue,Caen,Basse-Normandie,-
617,Jake,Fleckney,jfleckneyh4@ocn.ne.jp,45598 Stoughton Hill,Fairbanks,Alaska,EUA
618,King,Riddiford,kriddifordh5@mapquest.com,18 Tomscot Terrace,Caen,Basse-Normandie,-
619,Bevin,Marten,bmartenh6@google.com.br,6170 Warrior Trail,Caen,Basse-Normandie,-
620,Dorian,McKmurrie,dmckmurrieh7@blinklist.com,183 Loomis Place,Saint-Lô,Basse-Normandie,-
621,Jakob,Bleddon,jbleddonh8@vinaora.com,141 Hooker Trail,Cherbourg-Octeville,Basse-Normandie,-
622,Maison,Lilleman,mlillemanh9@yellowpages.com,3 Summerview Plaza,Pescara,Abruzzi,-
623,Misti,Grahlman,mgrahlmanha@com.com,327 Northfield Plaza,Deauville,Basse-Normandie,-
624,Olly,Swett,oswetthb@qq.com,17 Acker Court,Bruxelles,Bruxelles-Capitale,-
625,Erda,Zisneros,ezisneroshc@buzzfeed.com,69250 Waxwing Trail,Deauville,Basse-Normandie,-
626,Ryley,Kingswood,rkingswoodhd@furl.net,9953 Green Plaza,Saint-Lô,Basse-Normandie,-
627,Pepito,Jugging,pjugginghe@businessinsider.com,5 Bluejay Road,Palma De Mallorca,Baleares,Espanha
628,Agosto,Lillywhite,alillywhitehf@newyorker.com,3 Sullivan Lane,Caen,Basse-Normandie,-
629,Olvan,Leynton,oleyntonhg@tumblr.com,9 Kensington Lane,Caen,Basse-Normandie,-
630,Gabe,Triswell,gtriswellhh@creativecommons.org,8 Grim Center,Pescara,Abruzzi,-
631,Herc,Brayfield,hbrayfieldhi@clickbank.net,9 Daystar Pass,Carpiquet,Basse-Normandie,-
632,Shurwood,Harlett,sharletthj@miibeian.gov.cn,8 Dovetail Park,Bayeux,Basse-Normandie,-
633,Kellyann,Roggerone,kroggeronehk@marriott.com,571 6th Hill,Bruxelles,Bruxelles-Capitale,-
634,Aubree,Armsden,aarmsdenhl@alexa.com,49599 Arrowood Center,Caen,Basse-Normandie,-
635,Sybille,Gordon-Giles,sgordongileshm@amazon.co.uk,45191 Moland Road,Granville,Basse-Normandie,-
636,Bernice,Cheetham,bcheethamhn@hibu.com,99921 Starling Terrace,Palma De Mallorca,Baleares,Espanha
637,Maud,Allerton,mallertonho@biblegateway.com,5675 Stephen Pass,Caen,Basse-Normandie,-
638,Maren,Klus,mklushp@cmu.edu,0033 Blackbird Hill,Caen,Basse-Normandie,-
639,Arlette,Durbin,adurbinhq@is.gd,6 Shasta Terrace,Pescara,Abruzzi,-
640,Sammy,Brimilcombe,sbrimilcombehr@dot.gov,52092 Manufacturers Hill,Bruxelles,Bruxelles-Capitale,-
641,Kip,Cradey,kcradeyhs@naver.com,89 Ridgeview Hill,Deauville,Basse-Normandie,-
642,Merilee,Makinson,mmakinsonht@macromedia.com,43011 Glacier Hill Alley,Alençon,Basse-Normandie,-
643,Victoria,Sapsford,vsapsfordhu@lulu.com,51 Laurel Road,Anchorage,Alaska,EUA
644,Tab,Sarsfield,tsarsfieldhv@japanpost.jp,14 2nd Pass,Bruxelles,Bruxelles-Capitale,-
645,Gallagher,Duigenan,gduigenanhw@redcross.org,37 Shoshone Lane,Coutances,Basse-Normandie,-
646,Natty,Torra,ntorrahx@imgur.com,572 Harper Alley,Bruxelles,Bruxelles-Capitale,-
647,Lauri,Phippin,lphippinhy@hubpages.com,5 Shoshone Lane,Coutances,Basse-Normandie,-
648,Ray,Grenkov,rgrenkovhz@reverbnation.com,43 Starling Plaza,Caen,Basse-Normandie,-
649,Flin,Howel,fhoweli0@tripod.com,147 Emmet Street,Caen,Basse-Normandie,-
650,Abel,Stonnell,astonnelli1@wordpress.com,2483 American Drive,Palma De Mallorca,Baleares,Espanha
651,Leilah,Allchin,lallchini2@wikimedia.org,32 Erie Court,Lisieux,Basse-Normandie,-
652,Jarret,Wooles,jwoolesi3@oakley.com,3 Green Drive,Alençon,Basse-Normandie,-
653,Kaila,Blakeway,kblakewayi4@latimes.com,2836 Dennis Street,Bayeux,Basse-Normandie,-
654,Frankie,Llewellyn,fllewellyni5@weibo.com,2 Hudson Lane,Caen,Basse-Normandie,-
655,Dru,Wohlers,dwohlersi6@furl.net,77905 Anthes Avenue,Caen,Basse-Normandie,-
656,Christen,Turrill,cturrilli7@stumbleupon.com,93983 Sycamore Terrace,Argentan,Basse-Normandie,-
657,Megen,Cottell,mcottelli8@miitbeian.gov.cn,1 Northport Road,Coutances,Basse-Normandie,-
658,Eudora,Grayley,egrayleyi9@1und1.de,694 Commercial Park,Caen,Basse-Normandie,-
659,Corrina,Matuszynski,cmatuszynskiia@reddit.com,224 Muir Park,Caen,Basse-Normandie,-
660,Jourdain,Risbrough,jrisbroughib@imageshack.us,68680 Starling Trail,Caen,Basse-Normandie,-
661,Jaimie,Vignaux,jvignauxic@archive.org,2868 Harper Lane,Palma De Mallorca,Baleares,Espanha
662,Rudolfo,Keepe,rkeepeid@jugem.jp,527 Schlimgen Point,Trieste,Friuli-Venezia Giulia,-
663,Marja,Arnaudi,marnaudiie@smugmug.com,62678 Scoville Plaza,Coutances,Basse-Normandie,-
664,Dani,Ghiroldi,dghiroldiif@drupal.org,2 Ridgeview Crossing,Caen,Basse-Normandie,-
665,Karyn,Matchitt,kmatchittig@pen.io,80 Bunting Circle,Argentan,Basse-Normandie,-
666,Adah,Wressell,awressellih@e-recht24.de,12 Monica Crossing,Lisieux,Basse-Normandie,-
667,Job,Mowbury,jmowburyii@zdnet.com,729 Stuart Terrace,L'Aigle,Basse-Normandie,-
668,Valery,Fluck,vfluckij@forbes.com,79 Lindbergh Terrace,Caen,Basse-Normandie,-
669,Luca,Matzl,lmatzlik@huffingtonpost.com,60106 La Follette Avenue,Saint-Lô,Basse-Normandie,-
670,Matias,Bener,mbeneril@kickstarter.com,2 Vermont Circle,Trieste,Friuli-Venezia Giulia,-
671,Storm,Huelin,shuelinim@mac.com,4 Ridgeway Court,Lisieux,Basse-Normandie,-
672,Loria,Jones,ljonesin@typepad.com,82344 Kings Avenue,Trieste,Friuli-Venezia Giulia,-
673,Gerek,Sacaze,gsacazeio@globo.com,4 Goodland Crossing,Palma De Mallorca,Baleares,Espanha
674,Howard,Handling,hhandlingip@buzzfeed.com,09687 Kropf Terrace,Bruxelles,Bruxelles-Capitale,-
675,Miner,Limpricht,mlimprichtiq@arstechnica.com,8062 Toban Circle,Bruxelles,Bruxelles-Capitale,-
676,Maribelle,Treece,mtreeceir@live.com,888 Garrison Parkway,Caen,Basse-Normandie,-
677,Adiana,Dennant,adennantis@github.io,25 Holmberg Trail,Palma De Mallorca,Baleares,Espanha
678,Cassie,Hamstead,chamsteadit@ucla.edu,23 Monument Plaza,Avranches,Basse-Normandie,-
679,Jo-ann,Ravenscraft,jravenscraftiu@free.fr,01 Rockefeller Lane,Anchorage,Alaska,EUA
680,Woody,Flower,wfloweriv@wordpress.org,0054 Forster Street,Caen,Basse-Normandie,-
681,Jori,Ardling,jardlingiw@squidoo.com,8013 Saint Paul Junction,Fairbanks,Alaska,EUA
682,Aldus,Gierek,agierekix@apache.org,91713 Elka Parkway,Anchorage,Alaska,EUA
683,Farica,Le Marquand,flemarquandiy@unc.edu,46 Bultman Drive,Caen,Basse-Normandie,-
684,Alfredo,Carson,acarsoniz@tripod.com,04241 Carberry Street,Caen,Basse-Normandie,-
685,Moselle,Orbell,morbellj0@51.la,004 Westridge Way,Trieste,Friuli-Venezia Giulia,-
686,Lura,Kingdon,lkingdonj1@hhs.gov,121 Alpine Trail,Pescara,Abruzzi,-
687,Brittan,Mayzes,bmayzesj2@tuttocitta.it,4 Pankratz Lane,Lisieux,Basse-Normandie,-
688,Sharl,Creighton,screightonj3@hud.gov,3169 Charing Cross Place,Palma De Mallorca,Baleares,Espanha
689,Pearce,Klimentyev,pklimentyevj4@washington.edu,7702 Old Gate Center,Alençon,Basse-Normandie,-
690,Lucinda,Teaser,lteaserj5@wiley.com,689 Division Avenue,Caen,Basse-Normandie,-
691,Ailis,Dandy,adandyj6@issuu.com,42059 Red Cloud Place,Bruxelles,Bruxelles-Capitale,-
692,Reidar,Somerscales,rsomerscalesj7@acquirethisname.com,83 Meadow Ridge Point,Pescara,Abruzzi,-
693,Antonio,Ireson,airesonj8@woothemes.com,4154 Susan Street,Bayeux,Basse-Normandie,-
694,Andros,Guerola,aguerolaj9@wsj.com,8844 Drewry Circle,Alençon,Basse-Normandie,-
695,Ilyssa,McGurk,imcgurkja@omniture.com,584 Spenser Circle,Cherbourg-Octeville,Basse-Normandie,-
696,Conrade,Le Gassick,clegassickjb@ted.com,582 Old Gate Trail,Granville,Basse-Normandie,-
697,Ella,Pickersail,epickersailjc@netscape.com,32 Glacier Hill Trail,Granville,Basse-Normandie,-
698,Tiphany,Kenworthey,tkenwortheyjd@wix.com,776 Corry Crossing,Caen,Basse-Normandie,-
699,Nessie,Libbey,nlibbeyje@slideshare.net,1853 Garrison Place,Saint-Lô,Basse-Normandie,-
700,Wrennie,Sarl,wsarljf@usatoday.com,36 Karstens Alley,Alençon,Basse-Normandie,-
701,Duke,Manjin,dmanjinjg@guardian.co.uk,661 Hoard Parkway,Anchorage,Alaska,EUA
702,Byrle,Asals,basalsjh@behance.net,39 Hayes Alley,Anchorage,Alaska,EUA
703,Sam,Corness,scornessji@bigcartel.com,2 Dayton Pass,Bayeux,Basse-Normandie,-
704,Bee,Trodd,btroddjj@exblog.jp,9 Lake View Park,Caen,Basse-Normandie,-
705,Isiahi,Janman,ijanmanjk@rakuten.co.jp,18 Sunbrook Alley,Cherbourg-Octeville,Basse-Normandie,-
706,Lucita,Gresley,lgresleyjl@cbslocal.com,79 Schmedeman Circle,Palma De Mallorca,Baleares,Espanha
707,Olivie,Burtwistle,oburtwistlejm@usa.gov,8147 Messerschmidt Junction,Alençon,Basse-Normandie,-
708,Wallas,De Ortega,wdeortegajn@artisteer.com,8409 Springs Street,Flers,Basse-Normandie,-
709,Jessa,Leibold,jleiboldjo@google.ru,3 Eagan Circle,Anchorage,Alaska,EUA
710,Sig,Sargant,ssargantjp@last.fm,29 Toban Avenue,Caen,Basse-Normandie,-
711,Katuscha,Vasnetsov,kvasnetsovjq@oracle.com,2357 Sachtjen Road,Anchorage,Alaska,EUA
712,Knox,Rumford,krumfordjr@theguardian.com,05 Hintze Alley,Carpiquet,Basse-Normandie,-
713,Robin,Ledes,rledesjs@twitter.com,882 Toban Plaza,Argentan,Basse-Normandie,-
714,Ruperta,Kleinpeltz,rkleinpeltzjt@alexa.com,71115 Fulton Circle,Bayeux,Basse-Normandie,-
715,Cheryl,Goult,cgoultju@blogspot.com,22859 Larry Circle,Bruxelles,Bruxelles-Capitale,-
716,Cornall,Durtnel,cdurtneljv@over-blog.com,900 Westport Junction,Bruxelles,Bruxelles-Capitale,-
717,Kimberley,Broinlich,kbroinlichjw@privacy.gov.au,274 Parkside Street,Pescara,Abruzzi,-
718,Debee,Fiddy,dfiddyjx@gnu.org,4036 Harbort Court,Caen,Basse-Normandie,-
719,Deb,Capnor,dcapnorjy@e-recht24.de,534 Maple Wood Way,Caen,Basse-Normandie,-
720,Farr,Jakuszewski,fjakuszewskijz@cocolog-nifty.com,9 Oriole Terrace,Saint-Lô,Basse-Normandie,-
721,Allx,Haswall,ahaswallk0@woothemes.com,2 Hauk Way,Pescara,Abruzzi,-
722,Blaine,Rey,breyk1@skype.com,4981 Riverside Point,Caen,Basse-Normandie,-
723,Florian,Trunby,ftrunbyk2@ft.com,19338 Shoshone Street,Alençon,Basse-Normandie,-
724,Dorree,Scaife,dscaifek3@pcworld.com,510 Larry Parkway,Avranches,Basse-Normandie,-
725,Rog,McLachlan,rmclachlank4@sitemeter.com,812 Barby Terrace,Caen,Basse-Normandie,-
726,Steven,Godsil,sgodsilk5@fda.gov,27 Gerald Park,Bayeux,Basse-Normandie,-
727,Helyn,Medlar,hmedlark6@google.es,4 Sundown Place,Palma De Mallorca,Baleares,Espanha
728,Robers,McGinley,rmcginleyk7@simplemachines.org,37 Dunning Center,Trieste,Friuli-Venezia Giulia,-
729,Dorthea,Cod,dcodk8@privacy.gov.au,3191 Blaine Road,Fairbanks,Alaska,EUA
730,Lavina,Semens,lsemensk9@eepurl.com,596 Nevada Alley,Fairbanks,Alaska,EUA
731,Nadya,Ciccarelli,nciccarellika@google.it,7 Hoepker Court,Palma De Mallorca,Baleares,Espanha
732,Edmund,Riddell,eriddellkb@goo.gl,91 Hoffman Point,Alençon,Basse-Normandie,-
733,Ganny,Findley,gfindleykc@ucsd.edu,24260 Nelson Place,Anchorage,Alaska,EUA
734,Hollyanne,Muehle,hmuehlekd@mail.ru,63843 Del Sol Road,Trieste,Friuli-Venezia Giulia,-
735,Andy,Godilington,agodilingtonke@hhs.gov,027 Fallview Drive,Flers,Basse-Normandie,-
736,Evanne,Doddridge,edoddridgekf@tumblr.com,5885 Derek Hill,Trieste,Friuli-Venezia Giulia,-
737,Thayne,Kinglake,tkinglakekg@w3.org,5360 Magdeline Place,Saint-Lô,Basse-Normandie,-
738,Griffie,Chetwind,gchetwindkh@wix.com,65 Dapin Pass,Anchorage,Alaska,EUA
739,Dukie,Oppie,doppieki@google.com.au,3898 Fuller Park,Flers,Basse-Normandie,-
740,Aileen,Catonne,acatonnekj@usa.gov,59684 Parkside Pass,Bruxelles,Bruxelles-Capitale,-
741,Tessa,Danilchik,tdanilchikkk@amazon.co.uk,16 Burning Wood Plaza,Caen,Basse-Normandie,-
742,Lexy,MacPeake,lmacpeakekl@hc360.com,3 Quincy Hill,Deauville,Basse-Normandie,-
743,Jacqueline,Molyneux,jmolyneuxkm@harvard.edu,98 Pond Trail,Anchorage,Alaska,EUA
744,Jarrid,Stenson,jstensonkn@unblog.fr,25424 Florence Terrace,Caen,Basse-Normandie,-
745,Agnese,Ridges,aridgesko@printfriendly.com,242 Ruskin Junction,Palma De Mallorca,Baleares,Espanha
746,Toby,Jesteco,tjestecokp@uol.com.br,206 Colorado Center,Caen,Basse-Normandie,-
747,Bentley,Copcote,bcopcotekq@tripadvisor.com,2289 Garrison Place,Pescara,Abruzzi,-
748,Gris,Domel,gdomelkr@xrea.com,9 Carioca Alley,Caen,Basse-Normandie,-
749,Stacy,Revans,srevansks@google.ru,5529 Service Parkway,Caen,Basse-Normandie,-
750,Skipp,Gillian,sgilliankt@vk.com,117 Springs Place,Caen,Basse-Normandie,-
751,Kevon,Winterburn,kwinterburnku@cocolog-nifty.com,349 Acker Trail,L'Aigle,Basse-Normandie,-
752,Jodie,Castelyn,jcastelynkv@independent.co.uk,455 Warrior Drive,Granville,Basse-Normandie,-
753,Anabelle,Blenkensop,ablenkensopkw@1und1.de,15 Oak Valley Place,Caen,Basse-Normandie,-
754,Welby,Addicott,waddicottkx@google.co.jp,929 Hoffman Court,Bayeux,Basse-Normandie,-
755,Eldin,Ciciotti,eciciottiky@deviantart.com,9348 Brown Park,Caen,Basse-Normandie,-
756,Claire,Lilbourne,clilbournekz@hostgator.com,6870 Lerdahl Place,Caen,Basse-Normandie,-
757,Bell,Lowey,bloweyl0@ucoz.com,7 Main Point,Caen,Basse-Normandie,-
758,Kalina,Veck,kveckl1@vkontakte.ru,299 Mallard Point,Saint-Lô,Basse-Normandie,-
759,Eloise,Bartunek,ebartunekl2@vkontakte.ru,59210 Troy Place,Alençon,Basse-Normandie,-
760,Elden,Grunbaum,egrunbauml3@delicious.com,7911 Meadow Ridge Plaza,Trieste,Friuli-Venezia Giulia,-
761,Garv,Vlasyev,gvlasyevl4@telegraph.co.uk,96 Burning Wood Junction,Anchorage,Alaska,EUA
762,Rooney,Debnam,rdebnaml5@yahoo.co.jp,1821 Gateway Point,Caen,Basse-Normandie,-
763,Cherilyn,Ronaldson,cronaldsonl6@rediff.com,26871 Chinook Circle,Palma De Mallorca,Baleares,Espanha
764,Reena,Balchen,rbalchenl7@pen.io,77 Sachtjen Crossing,Pescara,Abruzzi,-
765,Foss,Blitz,fblitzl8@hc360.com,424 Porter Drive,Caen,Basse-Normandie,-
766,Ring,Jakubowicz,rjakubowiczl9@drupal.org,86884 Columbus Lane,Palma De Mallorca,Baleares,Espanha
767,Virginia,Copcutt,vcopcuttla@tinypic.com,3 Little Fleur Way,Caen,Basse-Normandie,-
768,Corella,Casillis,ccasillislb@cargocollective.com,22 Melrose Pass,Alençon,Basse-Normandie,-
769,Kipper,Tovey,ktoveylc@amazonaws.com,7 American Ash Road,Anchorage,Alaska,EUA
770,Julianna,Langhorn,jlanghornld@pbs.org,6046 Dahle Lane,Bruxelles,Bruxelles-Capitale,-
771,Harley,Adanez,hadanezle@google.ca,8 Thierer Drive,Fairbanks,Alaska,EUA
772,Park,Bortolini,pbortolinilf@topsy.com,2265 Esker Park,Lisieux,Basse-Normandie,-
773,Emmye,Derle,ederlelg@people.com.cn,886 Dottie Court,Caen,Basse-Normandie,-
774,Myrtia,Tompkins,mtompkinslh@paginegialle.it,731 Leroy Park,Palma De Mallorca,Baleares,Espanha
775,Urbano,Danielsen,udanielsenli@google.ca,47 Portage Park,Caen,Basse-Normandie,-
776,Massimiliano,Maffetti,mmaffettilj@weather.com,661 Sutteridge Lane,Anchorage,Alaska,EUA
777,Carlie,Jeandel,cjeandellk@ted.com,16759 Del Sol Park,Fairbanks,Alaska,EUA
778,Purcell,Hathway,phathwayll@pen.io,24582 Maple Wood Hill,Saint-Lô,Basse-Normandie,-
779,Sully,Bridal,sbridallm@freewebs.com,6 Brown Park,Trieste,Friuli-Venezia Giulia,-
780,Aldo,Caze,acazeln@ebay.com,18580 Lunder Terrace,Bruxelles,Bruxelles-Capitale,-
781,Ware,Tatham,wtathamlo@psu.edu,26 Fairfield Street,Alençon,Basse-Normandie,-
782,Nickie,Druce,ndrucelp@alexa.com,774 Westerfield Alley,Alençon,Basse-Normandie,-
783,Tim,Cockerton,tcockertonlq@nsw.gov.au,5961 Mayer Avenue,Alençon,Basse-Normandie,-
784,Ophelie,Bertram,obertramlr@nytimes.com,23856 Pearson Park,Palma De Mallorca,Baleares,Espanha
785,Boote,Batte,bbattels@go.com,62744 Kim Point,Flers,Basse-Normandie,-
786,Neville,Mettetal,nmettetallt@nytimes.com,278 Westend Court,Trieste,Friuli-Venezia Giulia,-
787,Jack,Yu,jyulu@soundcloud.com,65120 Redwing Court,Deauville,Basse-Normandie,-
788,Rafaelita,Maltby,rmaltbylv@google.co.jp,39550 Stuart Alley,Anchorage,Alaska,EUA
789,Loreen,Kirke,lkirkelw@ibm.com,0384 Main Center,Granville,Basse-Normandie,-
790,Ellswerth,Loomis,eloomislx@baidu.com,949 Oneill Road,Bruxelles,Bruxelles-Capitale,-
791,Agnesse,Treamayne,atreamaynely@ihg.com,3346 Riverside Crossing,Bayeux,Basse-Normandie,-
792,Katlin,Culpen,kculpenlz@theglobeandmail.com,09 Sherman Center,Flers,Basse-Normandie,-
793,Adele,Willavoys,awillavoysm0@prweb.com,0 Lakeland Trail,Cherbourg-Octeville,Basse-Normandie,-
794,Salomi,Willatt,swillattm1@t.co,9761 Johnson Terrace,Saint-Lô,Basse-Normandie,-
795,Abbye,Caile,acailem2@bbb.org,562 Moulton Court,Fairbanks,Alaska,EUA
796,Edyth,Attreed,eattreedm3@blogtalkradio.com,289 Dryden Place,Bruxelles,Bruxelles-Capitale,-
797,Hephzibah,De Lasci,hdelascim4@sakura.ne.jp,2 Ridgeview Point,Alençon,Basse-Normandie,-
798,Arielle,Kenforth,akenforthm5@hp.com,9 Melody Alley,L'Aigle,Basse-Normandie,-
799,Evered,Szymanzyk,eszymanzykm6@cbslocal.com,0 Pierstorff Court,Saint-Lô,Basse-Normandie,-
800,Obediah,Klimashevich,oklimashevichm7@loc.gov,23 Monica Lane,Caen,Basse-Normandie,-
801,Ardra,Bruckman,abruckmanm8@mlb.com,08198 Killdeer Hill,Caen,Basse-Normandie,-
802,Cart,Bisset,cbissetm9@tiny.cc,3 Sundown Circle,Fairbanks,Alaska,EUA
803,Bil,Melross,bmelrossma@craigslist.org,5 Briar Crest Court,Coutances,Basse-Normandie,-
804,Lavinie,McNern,lmcnernmb@apache.org,982 Riverside Trail,Caen,Basse-Normandie,-
805,Carlotta,Madrell,cmadrellmc@oracle.com,9926 Morning Place,Caen,Basse-Normandie,-
806,Llywellyn,Boycott,lboycottmd@techcrunch.com,7102 Lien Junction,L'Aigle,Basse-Normandie,-
807,Minette,Wyett,mwyettme@hhs.gov,880 Becker Alley,Palma De Mallorca,Baleares,Espanha
808,Constantine,Mussen,cmussenmf@woothemes.com,25120 Jay Lane,Avranches,Basse-Normandie,-
809,Arman,Scully,ascullymg@php.net,7592 Redwing Court,Carpiquet,Basse-Normandie,-
810,Conny,Laker,clakermh@wix.com,54019 Toban Circle,Palma De Mallorca,Baleares,Espanha
811,Claybourne,Drysdale,cdrysdalemi@bigcartel.com,1 Atwood Trail,Caen,Basse-Normandie,-
812,Ilene,Standall,istandallmj@slate.com,01 Brickson Park Trail,Bruxelles,Bruxelles-Capitale,-
813,Laurella,Ughetti,lughettimk@amazonaws.com,70909 Kingsford Circle,Fairbanks,Alaska,EUA
814,Cordie,Meenehan,cmeenehanml@exblog.jp,058 Helena Lane,Fairbanks,Alaska,EUA
815,Adella,Tring,atringmm@ehow.com,96153 Oak Valley Street,Alençon,Basse-Normandie,-
816,Vally,Van Dalen,vvandalenmn@ted.com,5 Bartillon Trail,L'Aigle,Basse-Normandie,-
817,Roseann,Willan,rwillanmo@yolasite.com,49136 Rowland Street,Caen,Basse-Normandie,-
818,Reeva,Juggins,rjugginsmp@51.la,7 Shasta Junction,Argentan,Basse-Normandie,-
819,Bern,Corcut,bcorcutmq@answers.com,41713 Hanover Trail,Anchorage,Alaska,EUA
820,Klarrisa,Eskriet,keskrietmr@buzzfeed.com,50716 Blaine Court,Caen,Basse-Normandie,-
821,Tanhya,Copperwaite,tcopperwaitems@webnode.com,5 Monterey Circle,Caen,Basse-Normandie,-
822,Erhart,Blakden,eblakdenmt@tamu.edu,8 Anthes Junction,Anchorage,Alaska,EUA
823,Zenia,Bruyett,zbruyettmu@irs.gov,86 Memorial Plaza,Caen,Basse-Normandie,-
824,Allie,Rought,aroughtmv@who.int,77748 Northview Crossing,Alençon,Basse-Normandie,-
825,Janet,Chiechio,jchiechiomw@un.org,0592 Buell Crossing,Cherbourg-Octeville,Basse-Normandie,-
826,Ines,Harte,ihartemx@yahoo.co.jp,63910 Texas Avenue,Caen,Basse-Normandie,-
827,Felicia,Blackburne,fblackburnemy@tumblr.com,22807 Anniversary Street,Argentan,Basse-Normandie,-
828,Burke,Southcomb,bsouthcombmz@yahoo.co.jp,71 Fordem Alley,Caen,Basse-Normandie,-
829,Jedidiah,Haighton,jhaightonn0@tmall.com,57 Darwin Hill,Caen,Basse-Normandie,-
830,Timotheus,Boustred,tboustredn1@ebay.co.uk,682 Carberry Court,Palma De Mallorca,Baleares,Espanha
831,Kayla,Nunson,knunsonn2@mysql.com,98631 Maple Trail,L'Aigle,Basse-Normandie,-
832,Laryssa,Malyon,lmalyonn3@ycombinator.com,219 Lawn Drive,Anchorage,Alaska,EUA
833,Sallyann,Isac,sisacn4@time.com,69475 Judy Park,Carpiquet,Basse-Normandie,-
834,Dorella,Torbet,dtorbetn5@woothemes.com,5 Banding Terrace,Coutances,Basse-Normandie,-
835,Babita,Petracchi,bpetracchin6@umich.edu,0 Lawn Pass,Caen,Basse-Normandie,-
836,Jodee,Tinsley,jtinsleyn7@hostgator.com,930 Hermina Lane,Palma De Mallorca,Baleares,Espanha
837,Eda,Heckle,ehecklen8@house.gov,01 Cardinal Plaza,L'Aigle,Basse-Normandie,-
838,Sig,Heskins,sheskinsn9@amazon.co.uk,4416 Logan Plaza,Caen,Basse-Normandie,-
839,Marion,Gudgen,mgudgenna@ezinearticles.com,2201 Summer Ridge Pass,Alençon,Basse-Normandie,-
840,Elie,Rubin,erubinnb@blog.com,668 Michigan Lane,Caen,Basse-Normandie,-
841,Lee,Geertsen,lgeertsennc@discuz.net,47 Browning Hill,Alençon,Basse-Normandie,-
842,Irwinn,Dudderidge,idudderidgend@ow.ly,56 Twin Pines Court,Caen,Basse-Normandie,-
843,Aggie,Hackney,ahackneyne@bloglovin.com,43 Macpherson Court,Palma De Mallorca,Baleares,Espanha
844,Artemis,Nisius,anisiusnf@seesaa.net,816 Crescent Oaks Court,Caen,Basse-Normandie,-
845,Cosetta,Soan,csoanng@ucla.edu,57271 Melvin Lane,Alençon,Basse-Normandie,-
846,Normand,Penhalurick,npenhaluricknh@narod.ru,0 Manley Terrace,Coutances,Basse-Normandie,-
847,Letta,Sicily,lsicilyni@ycombinator.com,5 Corscot Crossing,Lisieux,Basse-Normandie,-
848,Tab,Wabb,twabbnj@latimes.com,24320 Straubel Lane,Coutances,Basse-Normandie,-
849,Nanci,Di Lucia,ndiluciank@gizmodo.com,0 Anderson Point,Saint-Lô,Basse-Normandie,-
850,Barbee,Vennings,bvenningsnl@reverbnation.com,822 Ridge Oak Junction,L'Aigle,Basse-Normandie,-
851,Atlanta,Ganing,aganingnm@dyndns.org,900 Rigney Terrace,Palma De Mallorca,Baleares,Espanha
852,Colline,Scala,cscalann@deviantart.com,3389 Fairview Junction,Caen,Basse-Normandie,-
853,Goddart,Gouldstraw,ggouldstrawno@hc360.com,3 Parkside Center,Alençon,Basse-Normandie,-
854,Rozalin,Tamplin,rtamplinnp@alibaba.com,25 Hermina Alley,Trieste,Friuli-Venezia Giulia,-
855,Kordula,Cawley,kcawleynq@cmu.edu,25 Raven Court,L'Aigle,Basse-Normandie,-
856,Gail,Brockie,gbrockienr@storify.com,67470 Chive Junction,Anchorage,Alaska,EUA
857,Kary,Lennie,klenniens@blinklist.com,2237 Carioca Drive,Palma De Mallorca,Baleares,Espanha
858,Toddie,Roscoe,troscoent@msu.edu,48183 Hintze Terrace,Avranches,Basse-Normandie,-
859,Rawley,Adkin,radkinnu@reuters.com,6882 Goodland Way,Caen,Basse-Normandie,-
860,Collie,Duns,cdunsnv@unesco.org,09 Brentwood Avenue,Fairbanks,Alaska,EUA
861,Vivien,Macvain,vmacvainnw@skyrock.com,51 Macpherson Drive,Caen,Basse-Normandie,-
862,Tabor,Van Der Straaten,tvanderstraatennx@tinypic.com,71 Thierer Parkway,Coutances,Basse-Normandie,-
863,Chalmers,Truscott,ctruscottny@twitter.com,27 Waywood Drive,Trieste,Friuli-Venezia Giulia,-
864,Lanae,Elsip,lelsipnz@hubpages.com,85198 Golf Course Way,Caen,Basse-Normandie,-
865,Reagan,Caulket,rcaulketo0@ftc.gov,5 Calypso Park,Granville,Basse-Normandie,-
866,Alice,McKibbin,amckibbino1@fastcompany.com,2558 Kim Drive,Palma De Mallorca,Baleares,Espanha
867,Harley,Mewes,hmeweso2@springer.com,089 Columbus Way,Anchorage,Alaska,EUA
868,Vernon,Gutans,vgutanso3@phoca.cz,0645 Knutson Drive,Anchorage,Alaska,EUA
869,Wernher,Lindegard,wlindegardo4@hhs.gov,3611 Hanson Crossing,Caen,Basse-Normandie,-
870,Aldous,Bashford,abashfordo5@phpbb.com,9 Sauthoff Park,Bruxelles,Bruxelles-Capitale,-
871,Celina,Kimble,ckimbleo6@oracle.com,960 Clarendon Avenue,Carpiquet,Basse-Normandie,-
872,Chrissy,McGeouch,cmcgeoucho7@prlog.org,246 Bellgrove Court,Pescara,Abruzzi,-
873,Gerek,Stoate,gstoateo8@ibm.com,02 Brown Hill,Cherbourg-Octeville,Basse-Normandie,-
874,Laney,Bartolic,lbartolico9@loc.gov,56 Westport Crossing,Caen,Basse-Normandie,-
875,Patrizia,Oxenham,poxenhamoa@reuters.com,9766 Independence Road,Carpiquet,Basse-Normandie,-
876,Consuela,O'Cannovane,cocannovaneob@indiatimes.com,8 Sundown Center,Lisieux,Basse-Normandie,-
877,Fidelity,Buttress,fbuttressoc@ycombinator.com,695 Forster Place,Alençon,Basse-Normandie,-
878,Kendell,Zanutti,kzanuttiod@imageshack.us,1 Daystar Court,Caen,Basse-Normandie,-
879,Jarid,Sollars,jsollarsoe@etsy.com,98 Buena Vista Center,Bruxelles,Bruxelles-Capitale,-
880,Dennet,Goodby,dgoodbyof@netvibes.com,7572 Corben Junction,Lisieux,Basse-Normandie,-
881,Wynne,Tamlett,wtamlettog@mysql.com,50609 Westridge Hill,Trieste,Friuli-Venezia Giulia,-
882,Hadlee,Lyddiatt,hlyddiattoh@desdev.cn,2 Wayridge Hill,Saint-Lô,Basse-Normandie,-
883,Madeleine,Auston,maustonoi@youku.com,689 Maryland Hill,Palma De Mallorca,Baleares,Espanha
884,Clevie,Gomes,cgomesoj@geocities.com,70471 Pennsylvania Road,Caen,Basse-Normandie,-
885,Vernor,Mynett,vmynettok@about.com,63869 Springs Center,Caen,Basse-Normandie,-
886,Sheeree,Gadsby,sgadsbyol@hud.gov,77114 Manufacturers Hill,Coutances,Basse-Normandie,-
887,Adella,Yurygyn,ayurygynom@cyberchimps.com,638 Derek Avenue,Anchorage,Alaska,EUA
888,Winfred,Runge,wrungeon@cafepress.com,22985 Tennyson Lane,Saint-Lô,Basse-Normandie,-
889,Hodge,Wehner,hwehneroo@yandex.ru,4489 Boyd Junction,Saint-Lô,Basse-Normandie,-
890,Hadrian,Lidgey,hlidgeyop@amazon.co.jp,6918 Oxford Pass,Alençon,Basse-Normandie,-
891,Mireielle,Matsell,mmatselloq@over-blog.com,962 Corben Lane,Caen,Basse-Normandie,-
892,Bird,Winger,bwingeror@studiopress.com,76 La Follette Point,Lisieux,Basse-Normandie,-
893,Rheta,Brandt,rbrandtos@woothemes.com,57118 Lien Lane,Granville,Basse-Normandie,-
894,Albertina,Crudge,acrudgeot@instagram.com,1916 Delaware Center,Pescara,Abruzzi,-
895,Eberto,Tomkys,etomkysou@google.co.uk,04487 Erie Park,Caen,Basse-Normandie,-
896,Kevin,Maddison,kmaddisonov@marriott.com,4694 Pleasure Place,Bruxelles,Bruxelles-Capitale,-
897,Sibylle,Hanks,shanksow@shinystat.com,01 Hayes Way,Caen,Basse-Normandie,-
898,Monique,Delia,mdeliaox@nature.com,14916 American Parkway,Caen,Basse-Normandie,-
899,Billie,Cescon,bcesconoy@booking.com,0 Lunder Alley,Bayeux,Basse-Normandie,-
900,Adamo,Shevell,ashevelloz@delicious.com,364 Cordelia Road,Argentan,Basse-Normandie,-
901,Valina,Probate,vprobatep0@google.com.au,055 Pepper Wood Crossing,Palma De Mallorca,Baleares,Espanha
902,Ulysses,Dewsnap,udewsnapp1@merriam-webster.com,20 Farwell Trail,Cherbourg-Octeville,Basse-Normandie,-
903,Loria,Martinho,lmartinhop2@wisc.edu,315 Golf View Way,Cherbourg-Octeville,Basse-Normandie,-
904,Merline,Diggar,mdiggarp3@vk.com,83 Portage Street,Pescara,Abruzzi,-
905,Ayn,Clendinning,aclendinningp4@dyndns.org,89 Marquette Parkway,Caen,Basse-Normandie,-
906,Corabel,Kuhnert,ckuhnertp5@so-net.ne.jp,51744 Butterfield Street,Caen,Basse-Normandie,-
907,Gerardo,Honeywood,ghoneywoodp6@devhub.com,42 Upham Court,Caen,Basse-Normandie,-
908,Helaine,Le Prevost,hleprevostp7@webs.com,765 Bowman Parkway,Anchorage,Alaska,EUA
909,Kori,Dimsdale,kdimsdalep8@arizona.edu,4930 Dixon Parkway,Saint-Lô,Basse-Normandie,-
910,Irvine,Astley,iastleyp9@timesonline.co.uk,531 Service Terrace,L'Aigle,Basse-Normandie,-
911,Phaidra,Rodson,prodsonpa@51.la,609 Morningstar Street,Flers,Basse-Normandie,-
912,Cindee,Geistbeck,cgeistbeckpb@miibeian.gov.cn,8199 Debra Pass,Argentan,Basse-Normandie,-
913,Tudor,Tale,ttalepc@php.net,070 Vidon Hill,Caen,Basse-Normandie,-
914,Carrie,Hanhart,chanhartpd@mapquest.com,518 Eliot Plaza,Caen,Basse-Normandie,-
915,Bruce,Spreull,bspreullpe@bandcamp.com,05801 Nelson Court,Lisieux,Basse-Normandie,-
916,Anabal,Clow,aclowpf@cbc.ca,8 Dryden Crossing,Caen,Basse-Normandie,-
917,Anneliese,Gabbitas,agabbitaspg@microsoft.com,75 Lakeland Alley,Bayeux,Basse-Normandie,-
918,Mitchell,Clutterham,mclutterhamph@google.com.au,203 Gale Court,Bruxelles,Bruxelles-Capitale,-
919,Alma,Eshmade,aeshmadepi@free.fr,9806 Monica Road,Palma De Mallorca,Baleares,Espanha
920,Meris,Tregunnah,mtregunnahpj@accuweather.com,624 Del Sol Junction,Cherbourg-Octeville,Basse-Normandie,-
921,Vittorio,Axe,vaxepk@indiatimes.com,78166 Rutledge Crossing,Argentan,Basse-Normandie,-
922,Dwain,Dunton,dduntonpl@miitbeian.gov.cn,0 Glendale Road,Trieste,Friuli-Venezia Giulia,-
923,Andy,Symondson,asymondsonpm@marketwatch.com,464 Carpenter Alley,Cherbourg-Octeville,Basse-Normandie,-
924,Linda,Reggiani,lreggianipn@creativecommons.org,38754 Crowley Plaza,Caen,Basse-Normandie,-
925,Scott,Annes,sannespo@goo.ne.jp,98192 Caliangt Junction,Trieste,Friuli-Venezia Giulia,-
926,Angelia,O'Boyle,aoboylepp@msu.edu,59484 Garrison Road,Caen,Basse-Normandie,-
927,Mervin,Vinau,mvinaupq@craigslist.org,4165 American Plaza,Caen,Basse-Normandie,-
928,Stacia,Gebbie,sgebbiepr@weather.com,0 High Crossing Trail,Alençon,Basse-Normandie,-
929,Meade,McTrustrie,mmctrustrieps@newyorker.com,800 Raven Court,Bruxelles,Bruxelles-Capitale,-
930,Halsy,Bims,hbimspt@phoca.cz,52491 Westerfield Way,Coutances,Basse-Normandie,-
931,Collete,Rubinsaft,crubinsaftpu@telegraph.co.uk,01918 Utah Plaza,Caen,Basse-Normandie,-
932,Calvin,Burkill,cburkillpv@friendfeed.com,11258 Clyde Gallagher Alley,Argentan,Basse-Normandie,-
933,Rossie,Andreazzi,randreazzipw@dyndns.org,6 Magdeline Hill,Palma De Mallorca,Baleares,Espanha
934,Arty,Plumbridge,aplumbridgepx@constantcontact.com,55 Nelson Hill,Anchorage,Alaska,EUA
935,Lesly,Swaton,lswatonpy@themeforest.net,9 Oxford Center,Caen,Basse-Normandie,-
936,Jayne,Scoffham,jscoffhampz@cbc.ca,1 Moose Plaza,Caen,Basse-Normandie,-
937,Catherin,MacKain,cmackainq0@constantcontact.com,37336 Lien Alley,Alençon,Basse-Normandie,-
938,Gilberta,Gopsall,ggopsallq1@loc.gov,303 Oneill Park,Granville,Basse-Normandie,-
939,Brietta,Camili,bcamiliq2@howstuffworks.com,06035 Gale Junction,Anchorage,Alaska,EUA
940,Shannen,Lingard,slingardq3@amazonaws.com,0935 Eastlawn Junction,Caen,Basse-Normandie,-
941,Arne,Dantesia,adantesiaq4@meetup.com,8 Kingsford Way,Palma De Mallorca,Baleares,Espanha
942,Octavia,Guyton,oguytonq5@google.ru,95 Nelson Place,Anchorage,Alaska,EUA
943,Roda,Whitford,rwhitfordq6@google.fr,5053 Pearson Avenue,Caen,Basse-Normandie,-
944,Xenia,Kett,xkettq7@plala.or.jp,823 Ridgeview Court,Fairbanks,Alaska,EUA
945,Trina,Lambrook,tlambrookq8@go.com,6589 5th Place,Carpiquet,Basse-Normandie,-
946,Germain,Rubenov,grubenovq9@mysql.com,27272 Elmside Park,Argentan,Basse-Normandie,-
947,Electra,Benet,ebenetqa@mozilla.com,1046 Corscot Trail,Caen,Basse-Normandie,-
948,Burl,Stubbins,bstubbinsqb@parallels.com,62 Delladonna Way,Caen,Basse-Normandie,-
949,Clementia,Broy,cbroyqc@dot.gov,856 Brown Terrace,Granville,Basse-Normandie,-
950,Danila,Pheazey,dpheazeyqd@etsy.com,500 Packers Place,Caen,Basse-Normandie,-
951,Giffer,Borchardt,gborchardtqe@theguardian.com,16 Northview Alley,Caen,Basse-Normandie,-
952,Parsifal,Buxton,pbuxtonqf@webs.com,85 Southridge Trail,Bruxelles,Bruxelles-Capitale,-
953,Justinn,Toth,jtothqg@odnoklassniki.ru,41005 Schurz Pass,Caen,Basse-Normandie,-
954,Panchito,Adamthwaite,padamthwaiteqh@stumbleupon.com,52 Mandrake Alley,Palma De Mallorca,Baleares,Espanha
955,Ryley,Urwin,rurwinqi@ucsd.edu,6 Saint Paul Alley,Bruxelles,Bruxelles-Capitale,-
956,Napoleon,Waghorn,nwaghornqj@google.fr,68015 Lillian Point,Saint-Lô,Basse-Normandie,-
957,Babbie,O'Dwyer,bodwyerqk@patch.com,1 Carioca Drive,Palma De Mallorca,Baleares,Espanha
958,Chickie,Hurton,churtonql@bravesites.com,77828 Leroy Drive,Flers,Basse-Normandie,-
959,Gunter,Songhurst,gsonghurstqm@addtoany.com,98 Canary Trail,Pescara,Abruzzi,-
960,John,Giacobo,jgiacoboqn@zdnet.com,394 Heffernan Junction,Trieste,Friuli-Venezia Giulia,-
961,Vernon,Dalinder,vdalinderqo@ycombinator.com,24 Express Junction,Coutances,Basse-Normandie,-
962,Starla,Peggs,speggsqp@about.me,6565 Michigan Alley,Caen,Basse-Normandie,-
963,Aylmer,Harrison,aharrisonqq@thetimes.co.uk,94 Waywood Park,Deauville,Basse-Normandie,-
964,Roderick,Daltry,rdaltryqr@istockphoto.com,83641 Columbus Parkway,Caen,Basse-Normandie,-
965,Townie,Neem,tneemqs@elegantthemes.com,1774 Crownhardt Hill,Caen,Basse-Normandie,-
966,Arv,Perigo,aperigoqt@tuttocitta.it,94 Delladonna Center,Caen,Basse-Normandie,-
967,Candi,Witherbed,cwitherbedqu@fema.gov,082 Swallow Trail,Alençon,Basse-Normandie,-
968,Moshe,Dear,mdearqv@cdc.gov,9 Fuller Terrace,Flers,Basse-Normandie,-
969,Vickie,Blenkinsopp,vblenkinsoppqw@opensource.org,82647 Harper Point,Caen,Basse-Normandie,-
970,Kelly,Chastagnier,kchastagnierqx@miibeian.gov.cn,5880 Lunder Place,Fairbanks,Alaska,EUA
971,Salomi,Rusk,sruskqy@ow.ly,895 Bluejay Parkway,Argentan,Basse-Normandie,-
972,Clark,Greetham,cgreethamqz@tiny.cc,8596 Pond Terrace,Coutances,Basse-Normandie,-
973,Aggy,Cartan,acartanr0@paginegialle.it,10 Ilene Alley,Argentan,Basse-Normandie,-
974,Leanora,Mote,lmoter1@usa.gov,5 Walton Alley,Cherbourg-Octeville,Basse-Normandie,-
975,Koren,Basden,kbasdenr2@mozilla.com,0 Oakridge Point,Argentan,Basse-Normandie,-
976,Dana,Maase,dmaaser3@opensource.org,9 Tennyson Pass,Flers,Basse-Normandie,-
977,Lon,Berk,lberkr4@studiopress.com,8226 Pepper Wood Lane,Caen,Basse-Normandie,-
978,Brendan,Travers,btraversr5@last.fm,492 Waywood Pass,Caen,Basse-Normandie,-
979,Maible,Oldland,moldlandr6@google.ru,505 Kenwood Park,Caen,Basse-Normandie,-
980,Wyn,Arnholdt,warnholdtr7@istockphoto.com,0883 Green Hill,Bruxelles,Bruxelles-Capitale,-
981,Colver,Frake,cfraker8@cam.ac.uk,86 Transport Avenue,Anchorage,Alaska,EUA
982,Merrel,Kienlein,mkienleinr9@accuweather.com,0 International Plaza,Argentan,Basse-Normandie,-
983,Tami,Blinco,tblincora@mozilla.org,43 1st Center,Palma De Mallorca,Baleares,Espanha
984,Karla,Hendonson,khendonsonrb@google.co.uk,410 Weeping Birch Lane,Alençon,Basse-Normandie,-
985,Berkly,MacPhail,bmacphailrc@squidoo.com,9 Fieldstone Circle,Anchorage,Alaska,EUA
986,Artemus,Kearley,akearleyrd@so-net.ne.jp,6026 Calypso Parkway,Caen,Basse-Normandie,-
987,Wake,Bambra,wbambrare@wiley.com,4 Jay Point,Alençon,Basse-Normandie,-
988,Lotty,Billyard,lbillyardrf@epa.gov,0860 Kipling Pass,Bruxelles,Bruxelles-Capitale,-
989,Arvin,Jillett,ajillettrg@simplemachines.org,0937 Lotheville Road,Lisieux,Basse-Normandie,-
990,Ruperto,O'Henery,roheneryrh@harvard.edu,93 Manitowish Court,Granville,Basse-Normandie,-
991,Debbi,Putterill,dputterillri@wufoo.com,02389 Fallview Plaza,Caen,Basse-Normandie,-
992,Pancho,Freezer,pfreezerrj@privacy.gov.au,40 Lawn Junction,Caen,Basse-Normandie,-
993,Reg,Nekrews,rnekrewsrk@shutterfly.com,27 Susan Road,L'Aigle,Basse-Normandie,-
994,Gasper,Bevans,gbevansrl@jiathis.com,00 Huxley Parkway,Caen,Basse-Normandie,-
995,Timmy,Pogue,tpoguerm@google.co.jp,040 Haas Way,Cherbourg-Octeville,Basse-Normandie,-
996,Neala,Scaice,nscaicern@blogger.com,1431 Texas Park,Anchorage,Alaska,EUA
997,Alma,Sabine,asabinero@zimbio.com,504 Declaration Junction,Cherbourg-Octeville,Basse-Normandie,-
998,Zach,Abramof,zabramofrp@hao123.com,7036 Lien Trail,Caen,Basse-Normandie,-
999,Victoir,Offord,voffordrq@fastcompany.com,5682 Loeprich Parkway,Pescara,Abruzzi,-
1000,Minda,Lodevick,mlodevickrr@shop-pro.jp,10 Debra Trail,Coutances,Basse-Normandie,-
